Time[sec], V(tas)[m/s], x[m], y[m], h[m], Lat[deg], Lon[deg]
0,231.3474548,214699.5957,52966.31512,10667.99998,33.90076315,-109.4911782
1,231.3474548,214468.2525,52965.40072,10667.99998,33.9007549,-109.4936705
2,231.3497434,214236.6045,52964.48632,10667.99998,33.90074661,-109.4961661
3,231.3535106,214005.2613,52963.57192,10667.99998,33.90073826,-109.4986584
4,231.3581414,213773.9181,52962.65752,10667.99998,33.90072986,-109.5011507
5,231.3631795,213542.5749,52961.74312,10667.99998,33.90072142,-109.503643
6,231.3682954,213311.2317,52960.82872,10667.99998,33.90071292,-109.5061353
7,231.3732601,213079.8885,52959.91432,10667.99998,33.90070437,-109.5086276
8,231.3779224,212848.5453,52958.99992,10667.99998,33.90069578,-109.5111199
9,231.3821908,212617.2021,52958.08552,10667.99998,33.90068713,-109.5136122
10,231.3860183,212385.8589,52957.47592,10667.99998,33.90068117,-109.5161045
11,231.3893902,212154.5157,52956.56152,10667.99998,33.90067242,-109.5185968
12,231.3923146,211923.1725,52955.64712,10667.99998,33.90066362,-109.5210891
13,231.3948151,211691.8293,52954.73272,10667.99998,33.90065477,-109.5235814
14,231.3969247,211460.1813,52953.81832,10667.99998,33.90064587,-109.526077
15,231.3986818,211228.8381,52952.90392,10667.99998,33.90063691,-109.5285693
16,231.4001268,210997.4949,52951.98952,10667.99998,33.90062791,-109.5310616
17,231.4012999,210766.1517,52951.07512,10667.99998,33.90061886,-109.5335539
18,231.4022395,210534.8085,52950.16072,10667.99998,33.90060976,-109.5360462
19,231.4029813,210303.1605,52949.24632,10667.99998,33.9006006,-109.5385417
20,231.4035579,210071.8173,52948.33192,10667.99998,33.9005914,-109.541034
21,231.4039979,209840.4741,52947.41752,10667.99998,33.90058215,-109.5435263
22,231.4043267,209609.1309,52946.50312,10667.99998,33.90057284,-109.5460186
23,231.404566,209377.7877,52945.58872,10667.99998,33.90056349,-109.5485109
24,231.4047344,209146.1397,52944.67432,10667.99998,33.90055408,-109.5510065
25,231.4048474,208914.7965,52943.75992,10667.99998,33.90054463,-109.5534988
26,231.4049179,208683.4533,52942.84552,10667.99998,33.90053512,-109.5559911
27,231.4049563,208452.1101,52941.93112,10667.99998,33.90052557,-109.5584833
28,231.4049713,208220.7669,52941.32152,10667.99998,33.9005187,-109.5609756
29,231.4049696,207989.1189,52940.40712,10667.99998,33.90050904,-109.5634712
30,231.4049564,207757.7757,52939.49272,10667.99998,33.90049933,-109.5659635
31,231.404936,207526.4325,52938.57832,10667.99998,33.90048957,-109.5684558
32,231.4049114,207295.0893,52937.66392,10667.99998,33.90047976,-109.5709481
33,231.4048849,207063.7461,52936.74952,10667.99998,33.9004699,-109.5734403
34,231.4048582,206832.4029,52935.83512,10667.99998,33.90046,-109.5759326
35,231.4048323,206600.7549,52934.92072,10667.99998,33.90045003,-109.5784282
36,231.4048082,206369.4117,52934.00632,10667.99998,33.90044002,-109.5809205
37,231.4047861,206138.0685,52933.09192,10667.99998,33.90042996,-109.5834127
38,231.4047664,205906.7253,52932.17752,10667.99998,33.90041985,-109.585905
39,231.404749,205675.3821,52931.26312,10667.99998,33.90040969,-109.5883973
40,231.404734,205443.7341,52930.34872,10667.99998,33.90039948,-109.5908929
41,231.4047211,205212.3909,52929.43432,10667.99998,33.90038921,-109.5933851
42,231.4047103,204981.0477,52928.51992,10667.99998,33.9003789,-109.5958774
43,231.4047014,204749.7045,52927.60552,10667.99998,33.90036854,-109.5983697
44,231.404694,204518.3613,52926.69112,10667.99998,33.90035812,-109.600862
45,231.404688,204286.7133,52925.77672,10667.99998,33.90034766,-109.6033575
46,231.4046832,204055.3701,52925.16712,10667.99998,33.90033988,-109.6058498
47,231.4046795,203824.0269,52924.25272,10667.99998,33.90032932,-109.6083421
48,231.4046765,203592.6837,52923.33832,10667.99998,33.9003187,-109.6108343
49,231.4046743,203361.3405,52922.42392,10667.99998,33.90030804,-109.6133266
50,231.4046726,203129.6925,52921.50952,10667.99998,33.90029732,-109.6158221
51,231.4046714,202898.3493,52920.59512,10667.99998,33.90028655,-109.6183144
52,231.4046706,202667.0061,52919.68072,10667.99998,33.90027573,-109.6208067
53,231.40467,202435.6629,52918.76632,10667.99998,33.90026486,-109.6232989
54,231.4046697,202204.3197,52917.85192,10667.99998,33.90025395,-109.6257912
55,231.4046695,201972.6717,52916.93752,10667.99998,33.90024298,-109.6282868
56,231.4046694,201741.3285,52916.02312,10667.99998,33.90023196,-109.630779
57,231.4046695,201509.9853,52915.10872,10667.99998,33.90022089,-109.6332713
58,231.4046695,201278.6421,52914.19432,10667.99998,33.90020977,-109.6357635
59,231.4046697,201047.2989,52913.27992,10667.99998,33.9001986,-109.6382558
60,231.4046698,200815.6509,52912.36552,10667.99998,33.90018737,-109.6407513
61,231.4046699,200584.3077,52911.45112,10667.99998,33.9001761,-109.6432436
62,231.4046701,200352.9645,52910.53672,10667.99998,33.90016478,-109.6457358
63,231.4046702,200121.6213,52909.62232,10667.99998,33.90015341,-109.6482281
64,231.4046703,199890.2781,52909.01272,10667.99998,33.90014473,-109.6507204
65,231.4046704,199658.6301,52908.09832,10667.99998,33.90013325,-109.6532159
66,231.4046705,199427.2869,52907.18392,10667.99998,33.90012173,-109.6557081
67,231.4046706,199195.9437,52906.26952,10667.99998,33.90011015,-109.6582004
68,231.1573975,198964.6005,52905.35512,10667.99998,33.90009853,-109.6606926
69,230.750378,198733.2573,52904.44072,10667.99998,33.90008685,-109.6631849
70,230.240323,198502.5237,52903.52632,10667.99998,33.90007514,-109.6656706
71,229.6639718,198272.3997,52902.61192,10667.99998,33.90006338,-109.6681497
72,229.0451222,198042.8853,52901.69752,10667.99998,33.90005159,-109.6706222
73,228.3991854,197813.6757,52900.78312,10667.99998,33.90003974,-109.6730915
74,227.7361387,197585.3805,52899.86872,10667.99998,33.90002787,-109.6755509
75,227.0624383,197357.6949,52898.95432,10667.99998,33.90001595,-109.6780037
76,226.3822587,197130.6189,52898.03992,10667.99998,33.900004,-109.68045
77,225.6982963,196904.1525,52897.43032,10667.99998,33.89999475,-109.6828897
78,225.0122893,196678.2957,52896.51592,10667.99998,33.89998272,-109.6853228
79,224.3253554,196453.3533,52895.60152,10667.99998,33.89997065,-109.6877461
80,223.6382102,196229.0205,52894.68712,10667.99998,33.89995855,-109.6901628
81,222.9513087,196005.6021,52893.77272,10667.99998,33.89994642,-109.6925697
82,222.2649367,195782.4885,52892.85832,10667.99998,33.89993425,-109.6949733
83,221.5792711,195560.2893,52891.94392,10667.99998,33.89992205,-109.697367
84,220.8944176,195338.6997,52891.33432,10667.99998,33.89991255,-109.6997542
85,220.2104358,195117.7197,52890.41992,10667.99998,33.89990028,-109.7021347
86,219.5273558,194897.6541,52889.50552,10667.99998,33.89988797,-109.7045055
87,218.8451882,194678.1981,52888.59112,10667.99998,33.89987564,-109.7068696
88,218.163931,194459.3517,52887.67672,10667.99998,33.89986327,-109.7092272
89,217.4835742,194241.1149,52887.06712,10667.99998,33.8998536,-109.7115783
90,216.8041025,194023.4877,52886.15272,10667.99998,33.89984117,-109.7139227
91,216.1254969,193806.7749,52885.23832,10667.99998,33.8998287,-109.7162573
92,215.4477364,193590.6717,52884.32392,10667.99998,33.89981621,-109.7185854
93,214.7707983,193375.1781,52883.71432,10667.99998,33.89980642,-109.7209069
94,214.0946591,193160.2941,52882.79992,10667.99998,33.89979386,-109.7232218
95,213.4192943,192946.3245,52881.88552,10667.99998,33.89978128,-109.7255268
96,212.7446792,192732.9645,52880.97112,10667.99998,33.89976867,-109.7278253
97,212.0707887,192520.2141,52880.36152,10667.99998,33.89975876,-109.7301172
98,211.416777,192308.0733,52879.44712,10667.99998,33.89974609,-109.7324026
99,210.8025577,192096.5421,52878.53272,10667.99998,33.89973339,-109.7346814
100,210.2402228,191885.9253,52877.92312,10667.99998,33.8997234,-109.7369503
101,209.736009,191675.6133,52877.00872,10667.99998,33.89971064,-109.7392159
102,209.2918817,191465.9109,52876.09432,10667.99998,33.89969785,-109.741475
103,208.9067926,191256.5133,52875.48472,10667.99998,33.89968777,-109.7437308
104,208.5776645,191047.7253,52874.57032,10667.99998,33.89967492,-109.74598
105,208.3001483,190839.2421,52873.65592,10667.99998,33.89966203,-109.748226
106,208.0691939,190630.7589,52873.04632,10667.99998,33.89965184,-109.7504719
107,207.8794709,190422.8853,52872.13192,10667.99998,33.89963889,-109.7527113
108,207.7256688,190215.0117,52871.21752,10667.99998,33.8996259,-109.7549506
109,207.6027025,190007.1381,52870.60792,10667.99998,33.8996156,-109.75719
110,207.5058449,189799.5693,52869.69352,10667.99998,33.89960253,-109.7594261
111,207.4308038,189592.0005,52868.77912,10667.99998,33.89958942,-109.7616622
112,207.3737571,189384.7365,52868.16952,10667.99998,33.89957902,-109.763895
113,207.3313585,189177.1677,52867.25512,10667.99998,33.89956583,-109.7661311
114,207.3007226,188969.9037,52866.64552,10667.99998,33.89955535,-109.7683639
115,207.279396,188762.6397,52865.73112,10667.99998,33.89954208,-109.7705966
116,207.2653202,188555.3757,52864.81672,10667.99998,33.89952878,-109.7728294
117,207.2567907,188348.1117,52864.20712,10667.99998,33.89951817,-109.7750622
118,207.2524139,188140.8477,52863.29272,10667.99998,33.89950479,-109.777295
119,207.2510663,187933.5837,52862.37832,10667.99998,33.89949136,-109.7795278
120,207.2518544,187726.3197,52861.76872,10667.99998,33.89948064,-109.7817606
121,207.2540787,187519.0557,52860.85432,10667.99998,33.89946713,-109.7839934
122,207.2572011,187311.7917,52859.93992,10667.99998,33.89945359,-109.7862262
123,207.2608158,187104.5277,52859.33032,10667.99998,33.89944274,-109.788459
124,207.2646242,186897.2637,52858.41592,10667.99998,33.89942911,-109.7906917
125,207.2684135,186689.9997,52857.80632,10667.99998,33.89941818,-109.7929245
126,207.2720381,186482.7357,52856.89192,10667.99998,33.89940447,-109.7951573
127,207.2754044,186275.4717,52855.97752,10667.99998,33.89939072,-109.7973901
128,207.2784587,186068.2077,52855.36792,10667.99998,33.89937967,-109.7996229
129,207.2811762,185860.9437,52854.45352,10667.99998,33.89936584,-109.8018556
130,207.2835537,185653.6797,52853.53912,10667.99998,33.89935197,-109.8040884
131,207.2856024,185446.4157,52852.92952,10667.99998,33.8993408,-109.8063212
132,207.2873431,185239.1517,52852.01512,10667.99998,33.89932685,-109.8085539
133,207.2888026,185031.8877,52851.10072,10667.99998,33.89931286,-109.8107867
134,207.2900104,184824.6237,52850.49112,10667.99998,33.89930156,-109.8130195
135,207.2909969,184617.3597,52849.57672,10667.99998,33.89928749,-109.8152522
136,207.2917919,184410.0957,52848.96712,10667.99998,33.89927612,-109.817485
137,207.2924234,184202.5269,52848.05272,10667.99998,33.89926195,-109.8197211
138,207.2929174,183995.2629,52847.13832,10667.99998,33.89924776,-109.8219538
139,207.2932971,183787.9989,52846.52872,10667.99998,33.89923626,-109.8241866
140,207.293583,183580.7349,52845.61432,10667.99998,33.89922199,-109.8264193
141,207.2937931,183373.4709,52844.69992,10667.99998,33.89920767,-109.8286521
142,207.2939426,183166.2069,52844.09032,10667.99998,33.89919606,-109.8308849
143,207.2940445,182958.9429,52843.17592,10667.99998,33.89918166,-109.8331176
144,207.2941096,182751.6789,52842.26152,10667.99998,33.89916722,-109.8353504
145,207.2941469,182544.4149,52841.65192,10667.99998,33.89915548,-109.8375831
146,207.2941635,182337.1509,52840.73752,10667.99998,33.89914097,-109.8398159
147,207.2941652,182129.8869,52840.12792,10667.99998,33.89912915,-109.8420486
148,207.2941567,181922.3181,52839.21352,10667.99998,33.89911454,-109.8442847
149,207.2941415,181715.0541,52838.29912,10667.99998,33.8990999,-109.8465174
150,207.2941222,181507.7901,52837.68952,10667.99998,33.89908796,-109.8487502
151,207.2941009,181300.5261,52836.77512,10667.99998,33.89907324,-109.8509829
152,207.2940792,181093.2621,52835.86072,10667.99998,33.89905848,-109.8532156
153,207.2940579,180885.9981,52835.25112,10667.99998,33.89904642,-109.8554484
154,207.2940379,180678.7341,52834.33672,10667.99998,33.89903157,-109.8576811
155,207.2940194,180471.4701,52833.42232,10667.99998,33.89901669,-109.8599139
156,207.2940029,180264.2061,52832.81272,10667.99998,33.89900451,-109.8621466
157,207.2939883,180056.9421,52831.89832,10667.99998,33.89898955,-109.8643793
158,207.2939755,179849.6781,52831.28872,10667.99998,33.89897728,-109.8666121
159,207.2939647,179642.1093,52830.37432,10667.99998,33.89896223,-109.8688481
160,207.2939555,179434.8453,52829.45992,10667.99998,33.89894714,-109.8710808
161,207.2939478,179227.5813,52828.85032,10667.99998,33.89893476,-109.8733136
162,207.2939415,179020.3173,52827.93592,10667.99998,33.89891959,-109.8755463
163,207.2939364,178813.0533,52827.02152,10667.99998,33.89890439,-109.877779
164,207.2939323,178605.7893,52826.41192,10667.99998,33.89889188,-109.8800117
165,207.2939291,178398.5253,52825.49752,10667.99998,33.89887659,-109.8822445
166,207.2939266,178191.2613,52824.58312,10667.99998,33.89886127,-109.8844772
167,207.2939246,177983.9973,52823.97352,10667.99998,33.89884864,-109.8867099
168,207.2939232,177776.7333,52823.05912,10667.99998,33.90140772,-109.8916345
169,207.2939222,177569.4693,52822.14472,10667.99998,33.90140667,-109.8938675
170,207.2939215,177361.9005,52821.53512,10667.99998,33.90140832,-109.8961038
171,207.293921,177154.6365,52820.62072,10667.99998,33.90140718,-109.8983368
172,207.2939207,176947.3725,52820.01112,10667.99998,33.90140875,-109.9005698
173,207.2939205,176740.1085,52819.09672,10667.99998,33.90140753,-109.9028028
174,207.2939205,176532.8445,52818.18232,10667.99998,33.90140627,-109.9050358
175,207.2939205,176325.5805,52817.57272,10667.99998,33.90140771,-109.9072688
176,207.2939206,176118.3165,52816.65832,10667.99998,33.90140637,-109.9095018
177,207.2939207,175911.0525,52815.74392,10667.99998,33.90140499,-109.9117348
178,207.2939208,175703.7885,52815.13432,10667.99998,33.90140631,-109.9139678
179,207.2939209,175496.5245,52814.21992,10667.99998,33.90140485,-109.9162008
180,207.293921,175288.9557,52813.30552,10667.99998,33.90140336,-109.9184371
181,207.2939211,175081.6917,52812.69592,10667.99998,33.90140455,-109.9206701
182,207.2939213,174874.4277,52811.78152,10667.99998,33.90140297,-109.9229032
183,207.2939214,174667.1637,52811.17192,10667.99998,33.90140409,-109.9251362
184,207.2939214,174459.8997,52810.25752,10667.99998,33.90140242,-109.9273692
185,207.2939215,174252.6357,52809.34312,10667.99998,33.90140072,-109.9296022
186,207.2939216,174045.3717,52808.73352,10667.99998,33.90140172,-109.9318352
187,207.2939216,173838.1077,52807.81912,10667.99998,33.90139993,-109.9340682
188,207.2939217,173630.8437,52806.90472,10667.99998,33.90139811,-109.9363013
189,207.2939217,173423.5797,52806.29512,10667.99998,33.90139898,-109.9385343
190,207.2939218,173216.3157,52805.38072,10667.99998,33.90139707,-109.9407673
191,207.2939218,173008.7469,52804.46632,10667.99998,33.90139514,-109.9430036
192,207.2939218,172801.4829,52803.85672,10667.99998,33.90139589,-109.9452366
193,207.2939218,172594.2189,52802.94232,10667.99998,33.90139386,-109.9474696
194,207.2939218,172386.9549,52802.33272,10667.99998,33.90139453,-109.9497026
195,207.2939219,172179.6909,52801.41832,10667.99998,33.90139242,-109.9519357
196,207.2939219,171972.4269,52800.50392,10667.99998,33.90139027,-109.9541687
197,207.2939219,171765.1629,52799.89432,10667.99998,33.90139082,-109.9564017
198,207.2939219,171557.8989,52798.97992,10667.99998,33.90138859,-109.9586347
199,207.2939219,171350.6349,52798.06552,10667.99998,33.90138632,-109.9608678
200,207.2939219,171143.3709,52797.45592,10667.99998,33.90138675,-109.9631008
201,207.2939219,170936.1069,52796.54152,10667.99998,33.9013844,-109.9653338
202,207.2939219,170728.5381,52795.62712,10667.99998,33.90138202,-109.9675701
203,207.2939219,170521.2741,52795.01752,10667.99998,33.90138232,-109.9698031
204,207.2939219,170314.0101,52794.10312,10667.99998,33.90137985,-109.9720362
205,207.2939219,170106.7461,52793.49352,10667.99998,33.90138007,-109.9742692
206,207.2939219,169899.4821,52792.57912,10667.99998,33.90137752,-109.9765022
207,207.2939219,169692.2181,52791.66472,10667.99998,33.90137493,-109.9787352
208,207.2939219,169484.9541,52791.05512,10667.99998,33.90137503,-109.9809683
209,207.2939219,169277.6901,52790.14072,10667.99998,33.90137235,-109.9832013
210,207.2939219,169070.4261,52789.22632,10667.99998,33.90136964,-109.9854343
211,207.2939219,168863.1621,52788.61672,10667.99998,33.90136962,-109.9876674
212,207.2939219,168655.8981,52787.70232,10667.99998,33.90136683,-109.9899004
213,207.2939219,168448.3293,52786.78792,10667.99998,33.901364,-109.9921367
214,207.2939219,168241.0653,52786.17832,10667.99998,33.90136386,-109.9943697
215,207.2939219,168033.8013,52785.26392,10667.99998,33.90136094,-109.9966028
216,207.2939219,167826.5373,52784.65432,10667.99998,33.90136072,-109.9988358
217,207.2939219,167619.2733,52783.73992,10667.99998,33.90135772,-110.0010688
218,207.2939219,167412.0093,52782.82552,10667.99998,33.90135468,-110.0033019
219,207.2939219,167204.7453,52782.21592,10667.99998,33.90135434,-110.0055349
220,207.2939219,166997.4813,52781.30152,10667.99998,33.90135122,-110.0077679
221,207.2939219,166790.2173,52780.38712,10667.99998,33.90134806,-110.010001
222,207.2939219,166582.9533,52779.77752,10667.99998,33.90134759,-110.012234
223,207.2939219,166375.3845,52778.86312,10667.99998,33.90134436,-110.0144703
224,207.2939219,166168.1205,52777.94872,10667.99998,33.90134108,-110.0167034
225,207.2939219,165960.8565,52777.33912,10667.99998,33.90134049,-110.0189364
226,207.2939219,165753.5925,52776.42472,10667.99998,33.90133713,-110.0211694
227,207.2939219,165546.3285,52775.81512,10667.99998,33.90133646,-110.0234025
228,207.2939219,165339.0645,52774.90072,10667.99998,33.90133302,-110.0256355
229,207.2939219,165131.8005,52773.98632,10667.99998,33.90132954,-110.0278686
230,207.2939219,164924.5365,52773.37672,10667.99998,33.90132875,-110.0301016
231,207.2939219,164717.2725,52772.46232,10667.99998,33.90132518,-110.0323346
232,207.2939219,164510.0085,52771.54792,10667.99998,33.90132158,-110.0345677
233,207.2939219,164302.7446,52770.93832,10667.99998,33.90132067,-110.0368007
234,207.2939219,164095.1758,52770.02392,10667.99998,33.90131699,-110.039037
235,207.2939219,163887.9118,52769.10952,10667.99998,33.90131326,-110.0412701
236,207.2939219,163680.6478,52768.49992,10667.99998,33.90131223,-110.0435031
237,207.2939219,163473.3838,52767.58552,10667.99998,33.90130842,-110.0457362
238,207.2939219,163266.1198,52766.67112,10667.99998,33.90130457,-110.0479692
239,207.2939219,163058.8558,52766.06152,10667.99998,33.90130342,-110.0502023
240,207.2939219,162851.5918,52765.14712,10667.99998,33.90129949,-110.0524353
241,207.2939219,162644.3278,52764.53752,10667.99998,33.90129826,-110.0546683
242,207.2939219,162437.0638,52763.62312,10667.99998,33.90129425,-110.0569014
243,207.2939219,162229.7998,52762.70872,10667.99998,33.9012902,-110.0591344
244,207.2939219,162022.5358,52762.09912,10667.99998,33.90128884,-110.0613675
245,207.2939219,161814.967,52761.18472,10667.99998,33.90128472,-110.0636038
246,207.2939219,161607.703,52760.27032,10667.99998,33.90128054,-110.0658369
247,207.2939219,161400.439,52759.66072,10667.99998,33.90127907,-110.0680699
248,207.3800449,161193.175,52758.74632,10667.99998,33.90127481,-110.0703029
249,207.5219111,160985.911,52757.83192,10667.99998,33.90127052,-110.072536
250,207.6998335,160778.3422,52757.22232,10667.99998,33.90126893,-110.0747723
251,207.9010536,160570.7734,52756.30792,10667.99998,33.90126456,-110.0770087
252,208.1173027,160362.595,52755.69832,10667.99998,33.9012629,-110.0792515
253,208.3432211,160154.7214,52754.78392,10667.99998,33.90125845,-110.0814912
254,208.5753348,159946.2382,52753.86952,10667.99998,33.90125398,-110.0837373
255,208.8113911,159737.755,52753.25992,10667.99998,33.9012522,-110.0859835
256,209.0499294,159528.967,52752.34552,10667.99998,33.90124765,-110.088233
257,209.2900017,159319.8742,52751.43112,10667.99998,33.90124306,-110.0904857
258,209.5309928,159110.4766,52750.82152,10667.99998,33.90124117,-110.0927418
259,209.7725028,158901.079,52749.90712,10667.99998,33.90123651,-110.0949978
260,210.0142715,158691.3766,52748.99272,10667.99998,33.90123181,-110.0972571
261,210.2561291,158481.3694,52748.38312,10667.99998,33.90122981,-110.0995197
262,210.4979646,158271.0574,52747.46872,10667.99998,33.90122503,-110.1017856
263,210.7397049,158060.4406,52746.55432,10667.99998,33.90122022,-110.1040548
264,210.9813016,157849.8238,52745.94472,10667.99998,33.90121811,-110.106324
265,211.2227222,157638.9022,52745.03032,10667.99998,33.90121322,-110.1085964
266,211.4639446,157427.6758,52744.11592,10667.99998,33.90120829,-110.1108722
267,211.7049534,157216.1446,52743.50632,10667.99998,33.90120606,-110.1131512
268,211.9457377,157004.3086,52742.59192,10667.99998,33.90120106,-110.1154335
269,212.1862892,156792.4726,52741.67752,10667.99998,33.90119602,-110.1177158
270,212.4266017,156580.3318,52740.76312,10667.99998,33.90119094,-110.1200014
271,212.66667,156367.8862,52740.15352,10667.99998,33.90118855,-110.1222903
272,212.9064899,156155.1358,52739.23912,10667.99998,33.9011834,-110.1245824
273,213.1460574,155942.3854,52738.32472,10667.99998,33.90117819,-110.1268746
274,213.3853691,155729.0254,52737.71512,10667.99998,33.9011757,-110.1291733
275,213.6244218,155515.6654,52736.80072,10667.99998,33.90117042,-110.1314721
276,213.8632124,155302.0006,52735.88632,10667.99998,33.9011651,-110.1337741
277,214.1017379,155088.3358,52734.97192,10667.99998,33.90115974,-110.1360761
278,214.3399955,154874.0614,52734.36232,10667.99998,33.90115709,-110.1383847
279,214.5779822,154659.787,52733.44792,10667.99998,33.90115165,-110.1406933
280,214.8156954,154445.2078,52732.53352,10667.99998,33.90114617,-110.1430051
281,215.0531323,154230.3238,52731.92392,10667.99998,33.90114339,-110.1453203
282,215.2902902,154015.4398,52731.00952,10667.99998,33.90113783,-110.1476354
283,215.5271663,153799.9462,52730.09512,10667.99998,33.90113223,-110.1499571
284,215.7637581,153584.4526,52729.18072,10667.99998,33.90112659,-110.1522788
285,216.0000629,153368.6542,52728.57112,10667.99998,33.90112365,-110.1546038
286,216.236078,153152.8558,52727.65672,10667.99998,33.90111792,-110.1569288
287,216.471801,152936.4478,52726.74232,10667.99998,33.90111216,-110.1592604
288,216.7072292,152720.0398,52725.82792,10667.99998,33.90110636,-110.161592
289,216.9423601,152503.327,52725.21832,10667.99998,33.90110325,-110.1639268
290,217.1771912,152286.3094,52724.30392,10667.99998,33.90109736,-110.166265
291,217.41172,152069.2918,52723.38952,10667.99998,33.90109143,-110.1686031
292,217.645944,151851.9694,52722.47512,10667.99998,33.90108545,-110.1709445
293,217.8798609,151634.3422,52721.56072,10667.99998,33.90107944,-110.1732892
294,218.1134681,151416.4102,52720.95112,10667.99998,33.90107612,-110.1756372
295,218.3467632,151198.1734,52720.03672,10667.99998,33.90107002,-110.1779885
296,218.579744,150979.9366,52719.12232,10667.99998,33.90106388,-110.1803398
297,218.8124079,150761.395,52718.20792,10667.99998,33.90105769,-110.1826943
298,219.0447528,150542.5486,52717.59832,10667.99998,33.90105421,-110.1850522
299,219.2767762,150323.3974,52716.68392,10667.99998,33.90104794,-110.1874133
300,219.508476,150104.2462,52715.76952,10667.99998,33.90104162,-110.1897744
301,219.7398497,149884.7902,52714.85512,10667.99998,33.90103526,-110.1921388
302,219.9708953,149665.0294,52713.94072,10667.99998,33.90102886,-110.1945065
303,220.2016103,149444.9638,52713.33112,10667.99998,33.90102516,-110.1968775
304,220.4319928,149224.8982,52712.41672,10667.99998,33.90101867,-110.1992485
305,220.6620404,149004.223,52711.50232,10667.99998,33.90101213,-110.201626
306,220.891751,148783.5478,52710.58792,10667.99998,33.90100556,-110.2040035
307,221.1211225,148562.8726,52709.67352,10667.99998,33.90099894,-110.2063811
308,221.3501528,148341.5878,52709.06392,10667.99998,33.90099501,-110.2087652
309,221.5788398,148120.303,52708.14952,10667.99998,33.9009883,-110.2111493
310,221.8071813,147898.7134,52707.23512,10667.99998,33.90098155,-110.2135367
311,222.0351754,147676.819,52706.32072,10667.99998,33.90097475,-110.2159274
312,222.26282,147454.9246,52705.40632,10667.99998,33.9009679,-110.2183181
313,222.4901132,147232.7254,52704.49192,10667.99998,33.90096101,-110.220712
314,222.7170529,147010.2214,52703.88232,10667.99998,33.90095682,-110.2231093
315,222.9436371,146787.4126,52702.96792,10667.99998,33.90094984,-110.2255098
316,223.169864,146564.6038,52702.05352,10667.99998,33.90094281,-110.2279103
317,223.3957316,146341.1854,52701.13912,10667.99998,33.90093574,-110.2303174
318,223.621238,146117.767,52700.22472,10667.99998,33.90092862,-110.2327245
319,223.8463814,145894.3486,52699.31032,10667.99998,33.90092146,-110.2351316
320,224.0711598,145670.3206,52698.70072,10667.99998,33.90091699,-110.2375453
321,224.2955715,145446.2926,52697.78632,10667.99998,33.90090973,-110.2399589
322,224.5196146,145221.9598,52696.87192,10667.99998,33.90090243,-110.2423759
323,224.7432874,144997.627,52695.95752,10667.99998,33.90089508,-110.2447928
324,224.966588,144772.6846,52695.04312,10667.99998,33.90088769,-110.2472163
325,225.1895147,144547.7422,52694.12872,10667.99998,33.90088024,-110.2496398
326,225.4120658,144322.7998,52693.21432,10667.99998,33.90087275,-110.2520634
327,225.6342396,144097.2478,52692.60472,10667.99998,33.90086796,-110.2544934
328,225.8560343,143871.6958,52691.69032,10667.99998,33.90086037,-110.2569235
329,226.0774484,143645.839,52690.77592,10667.99998,33.90085274,-110.2593569
330,226.2984801,143419.6774,52689.86152,10667.99998,33.90084506,-110.2617935
331,226.5191279,143193.5158,52688.94712,10667.99998,33.90083734,-110.2642302
332,226.7393901,142966.7446,52688.03272,10667.99998,33.90082956,-110.2666734
333,226.9592651,142740.2782,52687.11832,10667.99998,33.90082174,-110.2691133
334,227.1787514,142513.2022,52686.20392,10667.99998,33.90081387,-110.2715598
335,227.3978475,142286.1262,52685.59432,10667.99998,33.90080869,-110.2740063
336,227.6165517,142058.7454,52684.67992,10667.99998,33.90080073,-110.2764561
337,227.8348626,141831.0598,52683.76552,10667.99998,33.90079271,-110.2789091
338,228.0527787,141603.0694,52682.85112,10667.99998,33.90078465,-110.2813655
339,228.2702986,141375.079,52681.93672,10667.99998,33.90077653,-110.2838218
340,228.4874207,141146.7838,52681.02232,10667.99998,33.90076837,-110.2862815
341,228.7041437,140918.4886,52680.10792,10667.99998,33.90076016,-110.2887411
342,228.9204661,140689.5838,52679.19352,10667.99998,33.9007519,-110.2912073
343,229.1363852,140460.679,52678.27912,10667.99998,33.90074359,-110.2936735
344,229.3518988,140231.4694,52677.36472,10667.99998,33.90073523,-110.296143
345,229.5670058,140002.2598,52676.75512,10667.99998,33.90072956,-110.2986125
346,229.7817059,139772.7454,52675.84072,10667.99998,33.9007211,-110.3010852
347,229.9959986,139542.9262,52675.23112,10667.99998,33.90071533,-110.3035613
348,230.209883,139312.8022,52674.62152,10667.99998,33.90070951,-110.3060406
349,230.4233583,139082.6782,52673.70712,10667.99998,33.9007009,-110.3085199
350,230.6364233,138852.2494,52673.40232,10667.99998,33.90069772,-110.3110025
351,230.8490768,138621.5158,52672.79272,10667.99998,33.90069175,-110.3134884
352,231.0613176,138390.7822,52672.18312,10667.99998,33.90068573,-110.3159743
353,231.2731444,138159.7438,52671.87832,10667.99998,33.90068239,-110.3184635
354,231.4845557,137928.4006,52671.26872,10667.99998,33.90067627,-110.320956
355,231.6955504,137697.0574,52670.96392,10667.99998,33.90067283,-110.3234484
356,231.9061272,137465.4094,52670.35432,10667.99998,33.9006666,-110.3259442
357,232.1162848,137233.4566,52670.04952,10667.99998,33.90066306,-110.3284432
358,232.3260221,137001.199,52669.74472,10667.99998,33.90065947,-110.3309455
359,232.5353379,136768.9414,52669.43992,10667.99998,33.90065583,-110.3334478
360,232.7442312,136536.379,52669.13512,10667.99998,33.90065214,-110.3359534
361,232.9527007,136303.8166,52668.83032,10667.99998,33.90064839,-110.338459
362,233.1607456,136070.6446,52668.22072,10667.99998,33.90064186,-110.3409712
363,233.3683646,135837.4726,52667.91592,10667.99998,33.900638,-110.3434834
364,233.5755568,135604.3006,52667.61112,10667.99998,33.9006341,-110.3459955
365,233.7823213,135370.519,52667.30632,10667.99998,33.90063015,-110.3485143
366,233.988657,135136.7374,52667.00152,10667.99998,33.90062614,-110.351033
367,234.1945631,134902.9558,52666.69672,10667.99998,33.90062208,-110.3535517
368,234.4000385,134668.5646,52666.39192,10667.99998,33.90061797,-110.356077
369,234.6050824,134434.1734,52666.08712,10667.99998,33.9006138,-110.3586023
370,234.8096938,134199.7822,52665.47752,10667.99998,33.90060685,-110.3611276
371,235.0138719,133964.7814,52665.17272,10667.99998,33.90060257,-110.3636595
372,235.2176159,133729.7806,52664.86792,10667.99998,33.90059825,-110.3661913
373,235.4209248,133494.475,52664.56312,10667.99998,33.90059387,-110.3687265
374,235.6237979,133259.1694,52664.25832,10667.99998,33.90058944,-110.3712616
375,235.8262343,133023.559,52663.95352,10667.99998,33.90058495,-110.3738001
376,236.0282332,132787.6438,52663.34392,10667.99998,33.90057767,-110.3763418
377,236.229794,132551.7286,52663.03912,10667.99998,33.90057308,-110.3788835
378,236.4309157,132315.5086,52662.73432,10667.99998,33.90056843,-110.3814285
379,236.6315976,132078.9838,52662.12472,10667.99998,33.90056099,-110.3839768
380,236.8318391,131842.459,52661.81992,10667.99998,33.90055623,-110.386525
381,237.0316394,131605.6294,52661.51512,10667.99998,33.90055142,-110.3890766
382,237.2309978,131368.495,52661.21032,10667.99998,33.90054655,-110.3916314
383,237.4299136,131131.3606,52660.60072,10667.99998,33.90053889,-110.3941863
384,237.6283862,130893.9214,52660.29592,10667.99998,33.90053392,-110.3967444
385,237.8264149,130656.1774,52659.68632,10667.99998,33.90052615,-110.3993058
386,238.0209905,130418.4334,52659.38152,10667.99998,33.90052106,-110.4018672
387,238.2054136,130180.3846,52659.07672,10667.99998,33.90051592,-110.4044319
388,238.3754963,129942.3358,52658.46712,10667.99998,33.90050799,-110.4069966
389,238.5289406,129703.9822,52658.16232,10667.99998,33.90050274,-110.4095646
390,238.6648367,129465.3238,52657.85752,10667.99998,33.90049743,-110.4121358
391,238.7832628,129226.6654,52657.24792,10667.99998,33.90048933,-110.4147071
392,238.8849718,128988.007,52656.94312,10667.99998,33.90048391,-110.4172784
393,238.9711488,128749.0438,52656.33352,10667.99998,33.9004757,-110.4198529
394,239.043228,128510.0806,52656.02872,10667.99998,33.90047017,-110.4224274
395,239.1027568,128270.8126,52655.41912,10667.99998,33.90046185,-110.4250053
396,239.1512984,128031.8494,52655.11432,10667.99998,33.90045622,-110.4275798
397,239.1903644,127792.5814,52654.50472,10667.99998,33.90044779,-110.4301576
398,239.2213703,127553.6182,52654.19992,10667.99998,33.90044204,-110.4327321
399,239.2456091,127314.3502,52653.89512,10667.99998,33.90043624,-110.43531
400,239.2642381,127075.0822,52653.28552,10667.99998,33.90042765,-110.4378878
401,239.2782755,126835.8142,52652.98072,10667.99998,33.90042174,-110.4404656
402,239.2886028,126596.5462,52652.37112,10667.99998,33.90041304,-110.4430434
403,239.2959731,126357.2782,52652.06632,10667.99998,33.90040703,-110.4456212
404,239.3010209,126118.0102,52651.45672,10667.99998,33.90039822,-110.448199
405,239.3042744,125878.7422,52651.15192,10667.99998,33.9003921,-110.4507769
406,239.3061674,125639.1694,52650.54232,10667.99998,33.90038318,-110.453358
407,239.3070517,125399.9014,52650.23752,10667.99998,33.90037694,-110.4559358
408,239.307209,125160.6334,52649.62792,10667.99998,33.90036792,-110.4585136
409,239.3068616,124921.3654,52649.32312,10667.99998,33.90036158,-110.4610914
410,239.306182,124682.0974,52648.71352,10667.99998,33.90035245,-110.4636692
411,239.3053018,124442.8294,52648.40872,10667.99998,33.900346,-110.466247
412,239.3043192,124203.5614,52647.79912,10667.99998,33.90033676,-110.4688248
413,239.3033057,123964.2934,52647.49432,10667.99998,33.90033021,-110.4714026
414,239.3023116,123725.0254,52646.88472,10667.99998,33.90032086,-110.4739804
415,239.3013705,123485.4526,52646.57992,10667.99998,33.90031419,-110.4765615
416,239.3005035,123246.1846,52645.97032,10667.99998,33.90030474,-110.4791393
417,239.2997218,123006.9166,52645.66552,10667.99998,33.90029797,-110.4817171
418,239.2990301,122767.6486,52645.05592,10667.99998,33.9002884,-110.4842949
419,239.2984276,122528.3806,52644.75112,10667.99998,33.90092563,-110.4881878
420,239.2979104,122289.1126,52644.14152,10667.99998,33.90092426,-110.4907656
421,239.2974724,122049.8446,52643.83672,10667.99998,33.90092559,-110.4933435
422,239.2971062,121810.5766,52643.22712,10667.99998,33.90092412,-110.4959214
423,239.2968039,121571.3086,52642.92232,10667.99998,33.90092533,-110.4984993
424,239.2965576,121332.0406,52642.31272,10667.99998,33.90092375,-110.5010772
425,239.2963594,121092.4678,52641.70312,10667.99998,33.90092212,-110.5036583
426,239.2962021,120853.1998,52641.39832,10667.99998,33.90092318,-110.5062362
427,239.2960793,120613.9318,52640.78872,10667.99998,33.90092144,-110.5088141
428,239.2959849,120374.6638,52640.48392,10667.99998,33.90092238,-110.511392
429,239.2959139,120135.3958,52639.87432,10667.99998,33.90092053,-110.5139699
430,239.2958617,119896.1278,52639.56952,10667.99998,33.90092137,-110.5165478
431,239.2958244,119656.8598,52638.95992,10667.99998,33.90091941,-110.5191256
432,239.295799,119417.5918,52638.65512,10667.99998,33.90092014,-110.5217035
433,239.2957826,119178.3238,52638.04552,10667.99998,33.90091808,-110.5242814
434,239.2957731,118939.0558,52637.74072,10667.99998,33.9009187,-110.5268593
435,239.2957688,118699.7878,52637.13112,10667.99998,33.90091653,-110.5294372
436,239.2957681,118460.215,52636.82632,10667.99998,33.90091705,-110.5320184
437,239.2957699,118220.947,52636.21672,10667.99998,33.90091477,-110.5345963
438,239.2957734,117981.679,52635.91192,10667.99998,33.90091517,-110.5371741
439,239.2957779,117742.411,52635.30232,10667.99998,33.90091279,-110.539752
440,239.295783,117503.143,52634.99752,10667.99998,33.90091308,-110.5423299
441,239.2957882,117263.875,52634.38792,10667.99998,33.90091059,-110.5449078
442,239.2957932,117024.607,52634.08312,10667.99998,33.90091078,-110.5474857
443,239.295798,116785.339,52633.47352,10667.99998,33.90090817,-110.5500636
444,239.2958025,116546.071,52633.16872,10667.99998,33.90090825,-110.5526415
445,239.2958064,116306.803,52632.55912,10667.99998,33.90090554,-110.5552194
446,239.29581,116067.535,52632.25432,10667.99998,33.90090552,-110.5577973
447,239.295813,115827.9622,52631.64472,10667.99998,33.9009027,-110.5603784
448,239.2958156,115588.6942,52631.33992,10667.99998,33.90090257,-110.5629563
449,239.2958179,115349.4262,52630.73032,10667.99998,33.90089964,-110.5655342
450,239.2958197,115110.1582,52630.12072,10667.99998,33.90089666,-110.5681121
451,239.2958213,114870.8902,52629.81592,10667.99998,33.90089636,-110.57069
452,239.2958225,114631.6222,52629.20632,10667.99998,33.90089328,-110.5732679
453,239.2958235,114392.3542,52628.90152,10667.99998,33.90089287,-110.5758458
454,239.2958243,114153.0862,52628.29192,10667.99998,33.90088967,-110.5784237
455,239.2958249,113913.8182,52627.98712,10667.99998,33.90088916,-110.5810016
456,239.2958254,113674.5502,52627.37752,10667.99998,33.90088586,-110.5835795
457,239.2958258,113435.2822,52627.07272,10667.99998,33.90088524,-110.5861574
458,239.295826,113195.7094,52626.46312,10667.99998,33.90088183,-110.5887385
459,239.2958262,112956.4414,52626.15832,10667.99998,33.9008811,-110.5913164
460,239.2958264,112717.1734,52625.54872,10667.99998,33.90087758,-110.5938943
461,239.2958264,112477.9054,52625.24392,10667.99998,33.90087674,-110.5964722
462,239.2958265,112238.6374,52624.63432,10667.99998,33.90087312,-110.5990501
463,239.2958046,111999.3694,52624.32952,10667.99998,33.90087217,-110.601628
464,239.2956031,111760.1014,52623.71992,10667.99998,33.90086844,-110.6042059
465,239.2949341,111520.8334,52623.71992,10667.99998,33.90087012,-110.6067838
466,239.2935005,111281.5654,52624.32952,10667.99998,33.90087723,-110.6093617
467,239.2910998,111042.2974,52625.54872,10667.99998,33.90088976,-110.6119396
468,239.2876757,110803.0294,52628.29192,10667.99998,33.90091593,-110.6145174
469,239.2833225,110563.7614,52632.25432,10667.99998,33.900953,-110.6170953
470,239.2782591,110324.4934,52638.04552,10667.99998,33.90100645,-110.6196732
471,239.2727888,110085.2254,52646.27512,10667.99998,33.90108174,-110.622251
472,239.267255,109846.2622,52656.33352,10667.99998,33.90117342,-110.6248256
473,239.2620011,109607.299,52669.43992,10667.99998,33.90129242,-110.6274001
474,239.2573372,109368.6406,52684.98472,10667.99998,33.90143327,-110.6299713
475,239.2535166,109129.9822,52703.57752,10667.99998,33.90160145,-110.6325426
476,239.2507206,108891.9334,52725.52312,10667.99998,33.90179969,-110.6351072
477,239.2490538,108653.8846,52750.51672,10667.99998,33.90202527,-110.6376719
478,239.2485456,108416.4454,52778.86312,10667.99998,33.90228091,-110.64023
479,239.249158,108179.311,52810.56232,10667.99998,33.90256662,-110.6427848
480,239.2507978,107942.4814,52845.91912,10667.99998,33.90288513,-110.6453363
481,239.2533301,107706.5662,52884.62872,10667.99998,33.90323371,-110.647878
482,239.2565933,107470.9558,52926.69112,10667.99998,33.90361235,-110.6504164
483,239.2604125,107235.955,52972.41112,10667.99998,33.90402381,-110.6529482
484,239.2646117,107001.8686,53021.78872,10667.99998,33.90446806,-110.6554702
485,239.2690235,106768.6966,53074.51912,10667.99998,33.90494239,-110.6579824
486,239.273496,106535.8294,53130.60232,10667.99998,33.90544678,-110.6604913
487,239.277898,106304.1814,53190.03832,10667.99998,33.90598124,-110.6629871
488,239.2821213,106073.4478,53253.13192,10667.99998,33.90654851,-110.665473
489,239.2860813,105843.3238,53319.27352,10667.99998,33.90714311,-110.6679525
490,239.2897166,105614.419,53388.76792,10667.99998,33.90776778,-110.6704188
491,239.2929867,105386.4286,53461.61512,10667.99998,33.90842252,-110.6728752
492,239.29587,105159.6574,53537.51032,10667.99998,33.90910459,-110.6753186
493,239.2983605,104933.8006,53616.75832,10667.99998,33.90981673,-110.6777522
494,239.3004652,104709.163,53699.05432,10667.99998,33.91055621,-110.6801727
495,239.3022011,104485.4398,53784.39832,10667.99998,33.91132303,-110.6825833
496,239.3035924,104262.9358,53872.48552,10667.99998,33.91211444,-110.6849809
497,239.3046683,104041.9558,53963.92552,10667.99998,33.91293592,-110.6873621
498,239.305461,103821.8902,54058.10872,10667.99998,33.91378201,-110.6897334
499,239.3060039,103603.0438,54155.03512,10667.99998,33.91465269,-110.6920917
500,239.3063302,103385.7214,54255.00952,10667.99998,33.91555072,-110.6944336
501,239.3064721,103169.6182,54357.72712,10667.99998,33.91647334,-110.6967625
502,239.3064599,102954.7342,54463.18792,10667.99998,33.91742057,-110.6990782
503,239.3063216,102741.3742,54571.39192,10667.99998,33.91839239,-110.7013776
504,239.3060823,102529.2334,54682.33912,10667.99998,33.91938883,-110.7036639
505,239.3057646,102318.6166,54795.72472,10667.99998,33.92040712,-110.7059338
506,239.3053881,102109.219,54911.85352,10667.99998,33.92145003,-110.7081907
507,239.3049696,101901.6502,55030.72552,10667.99998,33.92251754,-110.7104279
508,239.3045236,101695.3006,55152.03592,10667.99998,33.92360692,-110.712652
509,239.3040619,101490.475,55275.78472,10667.99998,33.92471816,-110.7148598
510,239.3035944,101287.1734,55401.97192,10667.99998,33.92585128,-110.7170512
511,239.3031288,101085.3958,55530.90232,10667.99998,33.92700901,-110.7192262
512,239.3026715,100885.447,55661.96632,10667.99998,33.92818587,-110.7213816
513,239.302227,100686.7174,55795.46872,10667.99998,33.92938461,-110.723524
514,239.301799,100489.8166,55931.40951,10667.99998,33.93060522,-110.7256467
515,239.3013898,100294.4398,56069.78871,10667.99998,33.9318477,-110.727753
516,239.301001,100100.8918,56210.30151,10667.99998,33.93310933,-110.7298397
517,239.3006336,99908.86785,56353.25271,10667.99998,33.93439283,-110.7319101
518,239.3002879,99718.67265,56498.33751,10667.99998,33.93569547,-110.7339608
519,239.2999638,99530.30625,56645.86071,10667.99998,33.93701999,-110.7359919
520,239.2996609,99343.46385,56795.51751,10667.99998,33.93836365,-110.7380066
521,239.2993784,99158.45025,56947.30791,10667.99998,33.93972646,-110.7400017
522,239.2991157,98975.26545,57101.23191,10667.99998,33.94110841,-110.7419771
523,239.0393614,98793.90945,57257.28951,10667.99998,33.9425095,-110.7439329
524,238.7669002,98614.68705,57415.48071,10666.04926,33.94392975,-110.7458658
525,238.5088511,98437.29345,57575.50071,10662.11734,33.94536643,-110.7477791
526,238.278518,98262.33825,57737.34951,10656.26518,33.94681954,-110.7496662
527,238.0808236,98089.21185,57900.72231,10648.64518,33.94828633,-110.7515337
528,237.9155152,97918.21905,58066.22871,10639.4707,33.9497723,-110.7533783
529,237.7858974,97749.35985,58233.56391,10628.86366,33.95127469,-110.7552
530,237.6949641,97582.63425,58402.72791,10616.85454,33.95279351,-110.7569987
531,237.642212,97418.04225,58573.72071,10603.53478,33.95432877,-110.7587746
532,237.6260914,97255.58385,58746.23751,10589.05678,33.95587772,-110.7605276
533,237.642058,97094.95425,58920.88791,10573.6339,33.95744585,-110.7622609
534,237.6840315,96935.84865,59096.75751,10557.44902,33.95902492,-110.7639779
535,237.7455398,96778.57185,59274.15111,10540.7155,33.96061769,-110.7656753
536,237.8205014,96622.51425,59452.76391,10523.61622,33.96222141,-110.7673596
537,237.9039144,96467.37105,59631.98631,10506.24262,33.9638306,-110.7690342
538,237.9916224,96313.14225,59812.42791,10488.77758,33.96545074,-110.7706989
539,238.0803728,96159.52305,59993.17431,10471.28206,33.9670736,-110.7723572
540,238.1677719,96006.20865,60174.53031,10453.78654,33.96870193,-110.7740123
541,238.2529151,95853.19905,60356.19111,10436.38246,33.97033299,-110.7756641
542,238.33595,95700.18945,60537.85191,10419.1003,33.97196403,-110.777316
543,238.4164656,95546.87505,60719.81751,10401.94006,33.97359779,-110.7789713
544,238.4939632,95393.56066,60901.47831,10384.93222,33.9752288,-110.7806267
545,238.5680739,95239.94146,61083.13911,10368.13774,33.97685979,-110.7822854
546,238.6337678,95086.01746,61264.49511,10351.64806,33.97848802,-110.7839474
547,238.6816694,94931.48386,61445.85111,10335.67654,33.98011622,-110.7856161
548,238.706773,94776.34066,61626.59751,10320.40606,33.98173891,-110.7872914
549,238.7071274,94620.89266,61807.34391,10305.80614,33.98336158,-110.7889701
550,238.6828586,94464.83506,61987.17591,10291.90726,33.98497601,-110.7906554
551,238.635433,94308.47266,62167.00791,10278.64846,33.9865904,-110.792344
552,238.5671073,94151.19586,62346.23031,10265.9383,33.98819928,-110.7940426
553,238.4805281,93993.61426,62524.8431,10253.7463,33.98980266,-110.7957445
554,238.3784516,93835.72786,62702.8463,10241.92006,33.99140054,-110.7974497
555,238.2635564,93676.92706,62880.5447,10230.39862,33.99299565,-110.7991649
556,238.1386344,93517.82146,63057.6335,10219.12102,33.99458525,-110.8008834
557,238.006388,93358.41106,63234.1127,10207.96534,33.99616935,-110.8026053
558,237.8687562,93198.69586,63409.9823,10196.9011,33.99774796,-110.8043305
559,237.7271592,93038.37106,63585.5471,10185.86734,33.99932379,-110.8060623
560,237.5826537,92877.74146,63760.5023,10174.86406,34.00089413,-110.8077975
561,237.436035,92716.80706,63934.8479,10163.79982,34.00245897,-110.8095361
562,237.287905,92555.26306,64108.5839,10152.73558,34.00401831,-110.8112812
563,237.1387208,92393.71906,64282.0151,10141.5799,34.00557488,-110.8130265
564,236.9888281,92231.87026,64454.8367,10130.39374,34.00712596,-110.8147751
565,236.8384864,92069.71666,64627.3535,10119.11614,34.00867428,-110.8165271
566,236.6878883,91907.25826,64799.5655,10107.77758,34.01021984,-110.8182824
567,236.5372853,91744.79986,64971.1679,10096.34758,34.0117599,-110.8200378
568,236.3869702,91582.03666,65142.1607,10084.85662,34.01329446,-110.8217965
569,236.2371065,91418.96866,65313.1535,10073.27422,34.014829,-110.8235586
570,236.0877627,91255.90066,65483.5367,10061.60038,34.01635804,-110.8253207
571,235.9389391,91092.52786,65653.6151,10049.8351,34.01788432,-110.8270862
572,235.7905887,90929.15506,65823.3887,10038.00886,34.02048943,-110.8293562
573,235.6426337,90765.47746,65992.8575,10026.12166,34.02201382,-110.8311196
574,235.4947303,90602.10466,66162.0215,10014.14302,34.02353544,-110.8328798
575,235.3465047,90438.12226,66330.8807,10002.1339,34.02505432,-110.8346467
576,235.1975463,90274.13986,66499.1303,9990.033345,34.02656769,-110.8364136
577,235.0475013,90109.24306,66666.4655,9977.871825,34.02807284,-110.8381905
578,234.8961491,89943.73666,66832.8863,9965.649345,34.02956976,-110.8399741
579,234.7434344,89777.31586,66998.0879,9953.335425,34.03105572,-110.8417676
580,234.5894597,89609.37106,67161.7655,9940.960545,34.03252797,-110.8435777
581,234.4344534,89440.20706,67323.9191,9928.494225,34.03398652,-110.8454009
582,234.2787261,89269.51906,67483.9391,9915.936465,34.0354259,-110.8472408
583,234.1226239,89096.69746,67641.8255,9903.256785,34.03684611,-110.8491037
584,233.9664859,88922.35186,67797.2735,9890.516145,34.03824439,-110.8509832
585,233.8106092,88745.56787,67950.2831,9877.684065,34.03962077,-110.8528892
586,233.6552249,88566.95507,68100.5495,9864.791025,34.0409725,-110.8548149
587,233.5004844,88386.20867,68248.0727,9851.806545,34.04229957,-110.8567638
588,233.3464569,88203.32867,68392.5479,9838.761105,34.04359925,-110.8587358
589,233.1931356,88018.31507,68534.2799,9825.685185,34.04487427,-110.860731
590,233.0404509,87831.16787,68672.6591,9812.548305,34.04611917,-110.8627492
591,232.8882873,87641.88707,68807.9903,9799.411425,34.04733666,-110.8647907
592,232.7365022,87450.47267,68939.9687,9786.274545,34.04852402,-110.8668552
593,232.5849429,87256.92467,69068.5943,9773.137665,34.04968125,-110.8689429
594,232.433462,87061.54787,69194.17189,9760.000785,34.05081107,-110.8710504
595,232.2819287,86864.34227,69316.39669,9746.924865,34.05191076,-110.8731778
596,232.130237,86665.30787,69435.26869,9733.818465,34.05298029,-110.875325
597,231.9783091,86464.44467,69551.09269,9720.773025,34.05402243,-110.877492
598,231.8260969,86262.05747,69663.25909,9707.758065,34.05503168,-110.8796756
599,231.6735801,86057.84147,69772.37749,9694.773585,34.05601352,-110.881879
600,231.5208815,85852.10147,69878.44789,9681.819585,34.05696795,-110.8840989
601,231.3684925,85644.83747,69980.86069,9668.896065,34.05788949,-110.8863354
602,231.216654,85436.35427,70080.22549,9656.003025,34.05878362,-110.8885852
603,231.0654318,85226.65187,70176.54229,9643.140465,34.05965033,-110.8908482
604,230.914798,85015.42547,70269.50629,9630.338865,34.06048689,-110.8931277
605,230.7646874,84802.97987,70359.42229,9617.537265,34.06129602,-110.8954204
606,230.6150265,84589.61987,70445.98549,9604.796625,34.062075,-110.8977232
607,230.4657478,84375.04067,70529.50069,9592.086465,34.06282656,-110.9000391
608,230.3167954,84159.54707,70610.27269,9579.437265,34.06355344,-110.902365
609,230.1681266,83942.83427,70687.38709,9566.818545,34.06424742,-110.9047041
610,230.0348058,83725.51187,70761.75829,9554.230305,34.06491671,-110.9070499
611,229.90675,83506.97027,70833.08149,9541.794465,34.06555858,-110.9094089
612,229.7789628,83287.81907,70901.35669,9529.541506,34.06617302,-110.9117746
613,229.6492254,83067.75347,70966.58389,9517.471426,34.06676004,-110.9141502
614,229.5167855,82847.07827,71028.76309,9505.553746,34.06731964,-110.9165324
615,229.3816261,82625.79347,71087.89429,9493.757986,34.0678518,-110.9189213
616,229.2440659,82403.59427,71144.28229,9482.053666,34.06835928,-110.92132
617,229.1045465,82181.09028,71197.62229,9470.440786,34.06883932,-110.9237222
618,228.9635242,81957.67188,71247.91429,9458.919346,34.06929194,-110.9261342
619,228.8214183,81733.94868,71295.46309,9447.397906,34.06971986,-110.9285496
620,228.6785905,81509.92068,71339.65909,9435.906946,34.07011761,-110.9309684
621,228.5353407,81285.28308,71381.41669,9424.446466,34.07049341,-110.9333937
622,228.3919095,81060.34068,71419.82149,9412.985986,34.07083904,-110.9358224
623,228.248485,80835.09348,71455.78789,9401.525506,34.07116271,-110.9382545
624,228.1052104,80609.54148,71488.40149,9390.034546,34.0714562,-110.9406898
625,227.9621917,80383.68468,71518.57669,9378.574066,34.07172774,-110.9431285
626,227.8195039,80157.52308,71545.39909,9367.083106,34.0719691,-110.9455705
627,227.6771978,79931.36148,71569.78309,9355.561666,34.07218851,-110.9480125
628,227.5353046,79704.89508,71591.11909,9344.040226,34.07238048,-110.9504578
629,227.3938404,79478.42868,71609.71189,9332.518786,34.07254775,-110.9529032
630,227.2528098,79251.96228,71625.25669,9320.966866,34.07268759,-110.9553486
631,227.1122086,79025.49588,71638.05829,9309.414946,34.07280273,-110.957794
632,226.9720264,78798.72468,71648.11669,9297.832546,34.07289317,-110.9602427
633,226.8322485,78572.25828,71655.43189,9286.250146,34.07295891,-110.9626881
634,226.6928571,78345.79188,71660.00389,9274.637266,34.07299995,-110.9651336
635,226.5538327,78119.32548,71661.52789,9263.054866,34.07301356,-110.9675791
636,226.4151552,77893.16388,71660.30869,9251.441986,34.07300246,-110.9700212
637,226.2768042,77667.00228,71656.34629,9239.798626,34.07296667,-110.9724634
638,226.1387596,77441.14548,71649.94549,9228.185746,34.07290892,-110.9749023
639,226.0010021,77215.59348,71640.49669,9216.542386,34.07282374,-110.9773379
640,225.8635443,76990.04148,71628.30469,9204.899026,34.07271385,-110.9797736
641,225.7263931,76765.09908,71613.36949,9193.255666,34.07257926,-110.9822026
642,225.5895407,76540.15668,71595.69109,9181.581826,34.07241998,-110.9846316
643,225.4529701,76315.82388,71575.57429,9169.938466,34.07223874,-110.9870541
644,225.3166595,76091.79588,71552.40949,9158.264626,34.07203006,-110.9894732
645,225.1805854,75868.37748,71526.80629,9146.590786,34.07179942,-110.9918857
646,225.044724,75645.26389,71498.45989,9134.916946,34.07154409,-110.994295
647,224.9090531,75422.75989,71467.37029,9123.243106,34.07126406,-110.9966976
648,224.7735527,75200.56069,71433.84229,9111.569266,34.07096207,-110.999097
649,224.6382053,74979.27589,71397.26629,9099.895426,34.07063264,-111.0014864
650,224.5029964,74758.29589,71358.55669,9088.221586,34.070284,-111.0038725
651,224.3679141,74537.92549,71316.79909,9076.547746,34.06990792,-111.0062521
652,224.2329491,74318.16469,71272.60309,9064.873906,34.06950988,-111.008625
653,224.0980945,74099.31829,71225.96869,9053.200066,34.06908989,-111.010988
654,223.9633455,73881.08149,71176.59109,9041.556706,34.0686452,-111.0133444
655,223.8286991,73663.45429,71124.77509,9029.882866,34.06817856,-111.0156942
656,223.6941537,73446.74149,71070.21589,9018.209026,34.06768722,-111.0180341
657,223.5597086,73230.63829,71013.21829,9006.535186,34.06717393,-111.0203674
658,223.4253644,73015.44949,70953.78229,8994.891826,34.06663869,-111.0226908
659,223.2911221,72801.17509,70891.60309,8983.217986,34.06607875,-111.0250043
660,223.1569832,72587.81509,70826.98549,8971.574626,34.06549686,-111.0273078
661,223.0229493,72375.06469,70760.23429,8959.900786,34.06489575,-111.0296048
662,222.8890224,72163.53349,70690.73989,8948.257426,34.06426996,-111.0318885
663,222.7552044,71952.91669,70618.80709,8936.614066,34.06362221,-111.0341623
664,222.6214972,71743.21429,70544.13109,8924.940226,34.06294978,-111.0364262
665,222.4879024,71534.73109,70467.32149,8913.296866,34.06225813,-111.0386769
666,222.3544219,71327.16229,70388.37829,8901.653506,34.06154727,-111.0409176
667,222.2210569,71120.50789,70306.69189,8890.010146,34.06081173,-111.0431485
668,222.0878089,70915.07269,70222.56709,8878.366787,34.06005424,-111.0453661
669,221.954679,70710.85669,70136.30869,8866.723427,34.05927754,-111.0475705
670,221.8216682,70507.85989,70047.61189,8855.110547,34.05847889,-111.0497617
671,221.6887774,70305.77749,69956.47669,8843.467187,34.0576583,-111.051943
672,221.5560073,70104.91429,69863.20789,8831.823827,34.0568185,-111.054111
673,221.4233584,69905.57509,69767.80549,8820.210947,34.0559595,-111.0562626
674,221.2908315,69707.15029,69669.65989,8808.567587,34.05507581,-111.0584042
675,221.1584269,69510.24949,69569.68549,8796.954707,34.05417566,-111.0605293
676,221.026145,69314.56789,69467.27269,8785.341827,34.05325357,-111.0626411
677,220.8939862,69120.10549,69362.72629,8773.728947,34.05231228,-111.0647398
678,220.7619508,68927.1671,69255.74149,8762.085587,34.05134904,-111.0668219
679,220.6300391,68735.4479,69146.92789,8750.472707,34.05036935,-111.0688908
680,220.4982514,68545.2527,69035.6759,8738.859827,34.04936771,-111.0709432
681,220.3665879,68356.5815,68922.2903,8727.277427,34.04834688,-111.0729791
682,220.2350488,68169.1295,68807.0759,8715.664547,34.04730959,-111.0750017
683,220.1036345,67983.2015,68689.4231,8704.051667,34.04625037,-111.0770078
684,219.972345,67798.7975,68569.9415,8692.438787,34.04517468,-111.0789974
685,219.8411808,67615.9175,68448.3263,8680.856387,34.04407981,-111.0809705
686,219.710142,67434.5615,68324.5775,8669.273987,34.04296574,-111.082927
687,219.5792288,67254.7295,68198.6951,8657.661107,34.04183247,-111.0848671
688,219.4484414,67076.7263,68070.9839,8646.078707,34.04068275,-111.0867873
689,219.3177802,66899.9423,67941.1391,8634.496307,34.03951384,-111.0886943
690,219.1872452,66724.9871,67809.4655,8622.913907,34.03832848,-111.0905815
691,219.0568368,66551.5559,67675.9631,8611.331507,34.03712667,-111.0924521
692,218.926555,66379.9535,67540.3271,8599.749107,34.03590568,-111.094303
693,218.7964002,66209.8751,67402.8623,8588.166707,34.03466823,-111.0961373
694,218.6663725,66041.6255,67263.5687,8576.614787,34.03341433,-111.0979518
695,218.5364721,65875.2047,67122.4463,8565.032387,34.032144,-111.0997465
696,218.4066992,65710.3079,66979.4951,8553.480467,34.03085721,-111.1015247
697,218.277054,65547.2399,66834.4103,8541.928547,34.02955124,-111.103283
698,218.1475366,65385.6959,66687.8015,8530.346147,34.02823156,-111.1050248
699,218.0181471,65226.2855,66539.6687,8518.794227,34.02689819,-111.1067436
700,217.8888859,65068.7039,66389.4023,8507.242307,34.02554563,-111.1084425
701,217.7597529,64912.9511,66237.6119,8495.720867,34.02417937,-111.1101216
702,217.6307484,64758.7223,66083.9927,8484.168947,34.02279667,-111.1117841
703,217.5018724,64606.6271,65928.8495,8472.617027,34.02087495,-111.1148265
704,217.3731251,64456.3607,65772.1823,8461.095587,34.01946896,-111.1164503
705,217.2454692,64308.2279,65613.6863,8449.543667,34.01804647,-111.118051
706,217.1193907,64161.6191,65453.6663,8438.022227,34.01661024,-111.1196353
707,216.9945948,64016.8391,65292.1223,8426.531267,34.01516027,-111.1211998
708,216.8704549,63873.5831,65129.6639,8415.040307,34.01370204,-111.1227479
709,216.7463755,63731.5463,64966.2911,8403.610307,34.01223556,-111.1242827
710,216.6219016,63590.4239,64802.0039,8392.210787,34.01076081,-111.1258077
711,216.4967472,63450.2159,64637.1071,8380.841747,34.00928056,-111.1273227
712,216.3707875,63310.6175,64472.2103,8369.472707,34.00780027,-111.1288311
713,216.2440247,63171.6287,64306.7039,8358.134147,34.00631448,-111.1303329
714,216.1165478,63032.9447,64141.1975,8346.795587,34.00482865,-111.1318314
715,215.9884956,62894.2607,63975.9959,8335.457027,34.00334555,-111.1333298
716,215.8600264,62755.5767,63810.7943,8324.118467,34.00186241,-111.1348281
717,215.7312974,62616.5879,63645.8975,8312.779907,34.000382,-111.1363297
718,215.6024506,62477.59911,63481.3055,8301.410867,33.9989043,-111.1378313
719,215.4736051,62338.61031,63317.0183,8290.041827,33.99742932,-111.1393328
720,215.3448933,62199.01191,63153.0359,8278.642307,33.99595706,-111.1408408
721,215.2164311,62059.10871,62989.6631,8267.242787,33.99449025,-111.1423521
722,215.0882871,61918.90071,62826.8999,8255.812787,33.9930289,-111.1438666
723,214.9604925,61778.38791,62664.4415,8244.352307,33.99157027,-111.1453843
724,214.8330498,61637.26551,62502.5927,8232.891827,33.99011711,-111.1469086
725,214.7059415,61495.83831,62341.35351,8221.400868,33.98866939,-111.1484361
726,214.5791365,61354.10631,62180.41911,8209.909908,33.9872244,-111.1499668
727,214.4525966,61212.06951,62020.09431,8198.388468,33.98578486,-111.1515008
728,214.3262804,61069.42311,61860.37911,8186.867028,33.98435078,-111.1530413
729,214.2001471,60926.47191,61700.96871,8175.345588,33.98291942,-111.154585
730,214.0741591,60783.52071,61542.16791,8163.793668,33.98149351,-111.1561287
731,213.9482831,60639.95991,61383.67191,8152.241748,33.98007033,-111.1576789
732,213.822491,60496.09431,61225.78551,8140.720308,33.97865259,-111.1592324
733,213.6967605,60351.92391,61068.20391,8129.168388,33.97723758,-111.160789
734,213.5710747,60207.75351,60910.92711,8117.585988,33.97582528,-111.1623457
735,213.4454216,60062.97351,60754.25991,8106.034068,33.97441844,-111.1639088
736,213.3197937,59918.19351,60597.89751,8094.482148,33.97301431,-111.165472
737,213.1941872,59773.10871,60441.83991,8082.899748,33.97161289,-111.1670383
738,213.0686016,59628.02391,60286.08711,8071.347828,33.97021419,-111.1686046
739,212.9430384,59482.63431,60130.94391,8059.765428,33.96882095,-111.1701742
740,212.8175014,59337.24471,59975.80071,8048.213508,33.96742768,-111.1717437
741,212.691995,59191.55031,59821.26711,8036.631108,33.96603987,-111.1733164
742,212.566525,59045.55111,59666.73351,8025.048708,33.96465203,-111.1748924
743,212.4410969,58899.55191,59512.50471,8013.466308,33.96326691,-111.1764683
744,212.3157169,58753.55271,59358.58071,8001.914388,33.9618845,-111.1780442
745,212.1903907,58607.55351,59205.26631,7990.331988,33.96050755,-111.1796201
746,212.0651237,58461.24951,59051.64711,7978.749588,33.95912783,-111.1811991
747,211.9399209,58314.94551,58898.63751,7967.167188,33.95775356,-111.1827782
748,211.8147869,58168.64151,58745.93271,7955.584788,33.95638201,-111.1843571
749,211.6897259,58022.33751,58593.22791,7944.002388,33.95501043,-111.1859361
750,211.5647413,57875.72871,58440.82791,7932.419988,33.95364157,-111.1875183
751,211.4398364,57729.42471,58288.42791,7920.837588,33.95227268,-111.1890971
752,211.3150139,57582.81591,58136.63751,7909.255188,33.95090925,-111.1906792
753,211.1902762,57436.20711,57984.84711,7897.642308,33.94954579,-111.1922612
754,211.0656253,57289.59831,57833.05671,7886.059908,33.9481823,-111.1938432
755,210.9410631,57143.29431,57681.87591,7874.477508,33.94682427,-111.1954219
756,210.8165911,56996.68551,57530.39031,7862.895108,33.94546347,-111.1970038
757,210.6922108,56850.07671,57379.51431,7851.312708,33.94410813,-111.1985857
758,210.5679234,56703.46791,57228.63831,7839.730308,33.94275276,-111.2001675
759,210.4437301,56556.85911,57077.76231,7828.147908,33.94139736,-111.2017493
760,210.319632,56410.25031,56927.19111,7816.565508,33.94004468,-111.203331
761,210.1956301,56263.64151,56776.92471,7804.983108,33.93869471,-111.2049127
762,210.0717256,56117.33751,56626.65831,7793.400708,33.93734472,-111.206491
763,209.9479193,55970.72871,56476.39191,7781.818308,33.9359947,-111.2080726
764,209.8242124,55824.11992,56326.43031,7770.235908,33.9346474,-111.2096541
765,209.7006058,55677.81592,56176.46871,7758.653508,33.93330007,-111.2112324
766,209.5771006,55531.51192,56026.81191,7747.071108,33.93195545,-111.2128105
767,209.4536978,55384.90312,55877.45992,7735.488708,33.93061355,-111.2143919
768,209.3303982,55238.59912,55728.10792,7723.906308,33.92927162,-111.21597
769,209.2072031,55092.29512,55578.75592,7712.323908,33.92792967,-111.2175481
770,209.0841132,54946.29592,55429.40392,7700.771988,33.92658769,-111.2191228
771,208.9611297,54799.99192,55280.66152,7689.189588,33.92525116,-111.2207007
772,208.8382534,54653.68792,55131.61432,7677.637668,33.92391187,-111.2222786
773,208.7154853,54507.68872,54982.87192,7666.055268,33.9225753,-111.2238532
774,208.5928264,54361.68952,54834.12952,7654.503348,33.92123869,-111.2254277
775,208.4702774,54215.69032,54685.69192,7642.951428,33.91990481,-111.2270022
776,208.3478395,54069.69112,54537.25432,7631.369028,33.91857089,-111.2285767
777,208.2255133,53923.69192,54388.81672,7619.817108,33.91723695,-111.2301511
778,208.1032998,53777.99752,54240.68392,7608.265188,33.91590573,-111.2317221
779,207.9811997,53632.30312,54092.55112,7596.713268,33.91457448,-111.2332931
780,207.8592138,53486.60872,53944.72312,7585.161348,33.91324595,-111.2348641
781,207.737343,53340.91432,53796.89512,7573.639908,33.91191739,-111.2364351
782,207.6155878,53195.21992,53649.06712,7562.087989,33.9105888,-111.238006
783,207.493949,53049.83032,53501.54392,7550.536069,33.90926293,-111.2395735
784,207.3724271,52904.44072,53354.02072,7539.014629,33.90793703,-111.2411411
785,207.251023,52759.05112,53206.49752,7527.493189,33.90661111,-111.2427085
786,207.129737,52613.66152,53059.27912,7515.941269,33.90528791,-111.244276
787,207.00857,52468.57672,52912.06072,7504.419829,33.90396467,-111.2458401
788,206.8875223,52323.18712,52764.84232,7492.898389,33.90264142,-111.2474074
789,206.7665945,52178.10232,52617.92872,7481.376949,33.90132088,-111.2489715
790,206.6457872,52033.01752,52471.01512,7469.855509,33.90000031,-111.2505355
791,206.5251008,51888.23752,52324.10152,7458.364549,33.89867972,-111.2520961
792,206.4045351,51743.15272,52177.49272,7446.843109,33.89736184,-111.25366
793,206.2840909,51598.37272,52030.88392,7435.352149,33.89604394,-111.2552206
794,206.1637689,51453.59272,51884.27512,7423.830709,33.89472601,-111.2567811
795,206.0435699,51309.11752,51737.66632,7412.339749,33.89340806,-111.2583383
796,205.9234942,51164.33752,51591.36232,7400.848789,33.89209283,-111.2598987
797,205.8035421,51019.86232,51445.36312,7389.357829,33.89078031,-111.2614559
798,205.683714,50875.38712,51299.36392,7377.866869,33.88946776,-111.2630129
799,205.56401,50730.91192,51153.36472,7366.375909,33.88815519,-111.26457
800,205.4444306,50586.43672,51007.36552,7354.915429,33.8868426,-111.266127
801,205.3249757,50442.26632,50861.67112,7343.424469,33.88553272,-111.2676806
802,205.2056458,50298.09592,50715.97672,7331.963989,33.88422282,-111.2692342
803,205.086441,50153.92552,50570.28232,7320.503509,33.88291289,-111.2707878
804,204.9673615,50009.75512,50424.89272,7309.012549,33.88160568,-111.2723413
805,204.8484076,49865.88952,50279.50312,7297.552069,33.88029844,-111.2738916
806,204.7295794,49721.71912,50134.11352,7286.122069,33.87899118,-111.275445
807,204.6108772,49577.85352,49988.72392,7274.661589,33.87768389,-111.2769951
808,204.4923012,49434.29272,49843.63912,7263.201109,33.87637932,-111.2785419
809,204.3738516,49290.42713,49698.55432,7251.771109,33.87507473,-111.280092
810,204.2555285,49146.86633,49553.77432,7240.341109,33.87377285,-111.2816387
811,204.1373321,49003.30553,49408.68952,7228.880629,33.87246821,-111.2831854
812,204.0192626,48859.74473,49264.21433,7217.450629,33.87116902,-111.284732
813,203.9013202,48716.48873,49119.43433,7206.020629,33.86986707,-111.2862753
814,203.7835049,48573.23273,48974.65433,7194.621109,33.8685651,-111.2878186
815,203.6658169,48429.97673,48830.17913,7183.191109,33.86726584,-111.2893618
816,203.5482564,48286.72073,48685.70393,7171.791589,33.86596656,-111.290905
817,203.4308234,48143.76953,48541.53353,7160.361589,33.86466999,-111.2924449
818,203.3135179,48000.81833,48397.36313,7148.962069,33.8633734,-111.2939847
819,203.1963401,47857.86713,48253.19273,7137.562549,33.86207679,-111.2955245
820,203.07929,47714.91593,48109.02233,7126.163029,33.86078015,-111.2970642
821,202.9623676,47572.26953,47964.85193,7114.763509,33.85948349,-111.2986006
822,202.8455731,47429.62313,47820.98633,7103.394469,33.85818955,-111.300137
823,202.7289065,47286.97673,47677.12073,7091.994949,33.85689558,-111.3016733
824,202.6123679,47144.63513,47533.55993,7080.625909,33.85560433,-111.3032063
825,202.4959571,47001.98873,47389.99913,7069.256869,33.85431305,-111.3047426
826,202.3796744,46859.64713,47246.13353,7057.887829,33.85301902,-111.3062755
827,202.2635197,46717.61033,47102.87753,7046.518789,33.85173043,-111.3078051
828,202.1474929,46575.26873,46959.31673,7035.149749,33.85043909,-111.309338
829,202.0315942,46433.23193,46816.06073,7023.811189,33.84915046,-111.3108675
830,201.9158235,46291.19513,46672.80473,7012.442149,33.84786181,-111.312397
831,201.8001807,46149.15833,46529.54873,7001.103589,33.84657313,-111.3139264
832,201.6846659,46007.42633,46386.59753,6989.765029,33.84528718,-111.3154525
833,201.5692791,45865.69433,46243.64633,6978.426469,33.84400119,-111.3169786
834,201.4540202,45723.96233,46100.69513,6967.087909,33.84271519,-111.3185046
835,201.3388892,45582.23033,45957.74393,6955.749349,33.84142916,-111.3200306
836,201.2238861,45440.80313,45815.09753,6944.441269,33.84014585,-111.3215533
837,201.1090108,45299.37593,45672.45113,6933.102709,33.83886252,-111.3230759
838,200.9942633,45157.94873,45529.80473,6921.794629,33.83757916,-111.3245985
839,200.8796436,45016.52153,45387.46313,6910.486549,33.83629852,-111.3261211
840,200.7651516,44875.39913,45244.81673,6899.17847,33.83501512,-111.3276403
841,200.6507873,44734.27673,45102.77993,6887.87039,33.83373717,-111.3291595
842,200.5365505,44593.15433,44960.43833,6876.59279,33.83245647,-111.3306787
843,200.4224412,44452.33673,44818.09673,6865.28471,33.83117574,-111.3321945
844,200.3084594,44311.21433,44676.05993,6854.00711,33.82989772,-111.3337136
845,200.194605,44170.39673,44534.02313,6842.72951,33.82861969,-111.3352293
846,200.0808779,44029.88393,44392.29113,6831.45191,33.82734437,-111.3367418
847,199.967278,43889.06633,44250.25433,6820.17431,33.82606629,-111.3382574
848,199.8538053,43748.55353,44108.52233,6808.89671,33.82479092,-111.3397698
849,199.7404597,43608.04073,43966.79033,6797.64959,33.82351554,-111.3412821
850,199.6272411,43467.52793,43825.36313,6786.37199,33.82224287,-111.3427944
851,199.5141494,43327.31993,43683.93593,6775.12487,33.82097018,-111.3443033
852,199.4011846,43187.11193,43542.50873,6763.87775,33.81969747,-111.3458122
853,199.2883465,43046.90393,43401.08153,6752.63063,33.81842473,-111.3473211
854,199.175635,42906.69593,43259.65433,6741.38351,33.81715197,-111.3488299
855,199.0630501,42766.48793,43118.53193,6730.16687,33.81588193,-111.3503387
856,198.9505915,42626.58474,42977.40953,6718.91975,33.81461187,-111.3518442
857,198.8382594,42486.68154,42836.28713,6707.70311,33.81334178,-111.3533496
858,198.7260534,42347.08314,42695.46954,6696.48647,33.81207442,-111.3548518
859,198.6139736,42207.17994,42554.65194,6685.26983,33.81080703,-111.3563571
860,198.5020198,42067.58154,42413.83434,6674.05319,33.80953962,-111.3578592
861,198.3901919,41927.98314,42273.01674,6662.83655,33.80827219,-111.3593612
862,198.2784899,41788.68954,42132.50394,6651.65039,33.80700747,-111.3608598
863,198.1669135,41649.09114,41991.99114,6640.43375,33.80574274,-111.3623618
864,198.0554627,41509.79754,41851.47834,6629.24759,33.80447798,-111.3638604
865,197.9441374,41370.80874,41710.96554,6618.06143,33.8032132,-111.3653556
866,197.8329374,41231.51514,41570.75754,6606.87527,33.80195114,-111.3668542
867,197.7218626,41092.52634,41430.54954,6595.68911,33.80068905,-111.3683494
868,197.6109129,40953.53754,41290.34154,6584.53343,33.79942695,-111.3698445
869,197.5000882,40814.54874,41150.13354,6573.34727,33.79816482,-111.3713397
870,197.3893883,40675.55994,41010.23034,6562.19159,33.79690541,-111.3728348
871,197.2788132,40536.87594,40870.32714,6551.03591,33.79564598,-111.3743265
872,197.1683627,40398.19194,40730.42394,6539.88023,33.79438653,-111.3758183
873,197.0580366,40259.50794,40590.52074,6528.72455,33.79312706,-111.37731
874,196.947835,40120.82394,40450.92234,6517.56887,33.7918703,-111.3788016
875,196.8377575,39982.44474,40311.32394,6506.44367,33.79061353,-111.38029
876,196.7278042,39844.06554,40171.72554,6495.31847,33.78935673,-111.3817783
877,196.6179748,39705.68634,40032.43194,6484.16279,33.78810265,-111.3832665
878,196.5082692,39567.61194,39892.83354,6473.03759,33.78684581,-111.3847515
879,196.3986873,39429.53754,39753.53994,6461.91239,33.78559169,-111.3862364
880,196.2892289,39291.46314,39614.55114,6450.81767,33.78434029,-111.3877212
881,196.179894,39153.38874,39475.25754,6439.69247,33.78308612,-111.3892061
882,196.0706824,39015.31434,39336.26874,6428.59775,33.78183468,-111.3906909
883,195.9615939,38877.54474,39197.27994,6417.50303,33.78058321,-111.3921723
884,195.8526284,38739.77514,39058.29114,6406.37783,33.77933172,-111.3936538
885,195.7437859,38602.00554,38919.60714,6395.31359,33.77808295,-111.3951352
886,195.6350661,38464.54074,38780.61834,6384.21887,33.77683143,-111.3966133
887,195.5264689,38326.77114,38641.93434,6373.12415,33.77558261,-111.3980946
888,195.4179941,38189.30634,38503.55514,6362.05991,33.77433652,-111.3995726
889,195.3096417,38052.14634,38364.87114,6350.96519,33.77308767,-111.4010473
890,195.2014114,37914.68154,38226.49194,6339.90095,33.77184154,-111.4025252
891,195.0933032,37777.52154,38088.11274,6328.83671,33.77059539,-111.4039998
892,194.9853169,37640.36154,37949.73354,6317.77247,33.76934921,-111.4054744
893,194.8774523,37503.20154,37811.65914,6306.73871,33.76810576,-111.406949
894,194.7697093,37366.34634,37673.58474,6295.67447,33.76686228,-111.4084202
895,194.6620878,37229.18634,37535.51034,6284.64071,33.76561878,-111.4098947
896,194.5545877,37092.33114,37397.43594,6273.60695,33.76437527,-111.4113658
897,194.4472087,36955.78074,37259.36154,6262.57319,33.76313173,-111.4128336
898,194.3399508,36818.92554,37121.59194,6251.53943,33.76189091,-111.4143047
899,194.2328138,36682.37514,36983.82234,6240.505671,33.76065007,-111.4157725
900,194.1257975,36545.82474,36846.35754,6229.471911,33.75941195,-111.4172402
901,194.0189019,36409.27434,36708.58794,6218.468631,33.75817107,-111.4187079
902,193.9121266,36272.72394,36571.12314,6207.465351,33.75693291,-111.4201756
903,193.8054717,36136.47835,36433.65834,6196.462071,33.75569473,-111.4216399
904,193.6989369,36000.23275,36296.19354,6185.458791,33.75445653,-111.4231042
905,193.5925222,35863.98715,36159.03355,6174.455511,33.75322105,-111.4245685
906,193.4862273,35728.04635,36021.56875,6163.452231,33.75198281,-111.4260294
907,193.3800522,35591.80075,35884.71355,6152.479431,33.75075003,-111.4274936
908,193.2739967,35455.85995,35747.55355,6141.476151,33.74951449,-111.4289545
909,193.1680606,35320.22395,35610.39355,6130.503351,33.74827893,-111.430412
910,193.0622438,35184.28315,35473.53835,6119.530551,33.74704608,-111.4318728
911,192.9565462,35048.64715,35336.68315,6108.557751,33.74581322,-111.4333303
912,192.8509675,34913.01115,35199.82795,6097.615431,33.74458034,-111.4347878
913,192.7455076,34777.37515,35063.27755,6086.642631,33.74335018,-111.4362452
914,192.6401665,34641.73915,34926.72715,6075.700311,33.74212,-111.4377026
915,192.5349438,34506.40795,34790.17675,6064.727511,33.7408898,-111.4391566
916,192.4298396,34371.07675,34653.62635,6053.785191,33.73965958,-111.4406107
917,192.3248536,34235.74555,34517.07595,6042.842871,33.73842933,-111.4420647
918,192.2199858,34100.41435,34380.83035,6031.931031,33.73720181,-111.4435186
919,192.1152359,33965.38795,34244.58475,6020.988711,33.73597427,-111.4449693
920,192.0106038,33830.36155,34108.33915,6010.076871,33.73474671,-111.4464199
921,191.9060894,33695.33515,33972.39835,5999.134551,33.73352187,-111.4478704
922,191.8016925,33560.30875,33836.15275,5988.222711,33.73229427,-111.449321
923,191.6974129,33425.58715,33700.21195,5977.310871,33.73106939,-111.4507682
924,191.5932506,33290.86555,33564.27115,5966.399031,33.72984449,-111.4522154
925,191.4892053,33156.14395,33428.63515,5955.517671,33.72862231,-111.4536625
926,191.3852769,33021.42235,33292.99915,5944.605831,33.72740011,-111.4551096
927,191.2814652,32886.70075,33157.05835,5933.724471,33.72617515,-111.4565567
928,191.1777702,32752.28395,33021.72715,5922.843111,33.72495566,-111.4580005
929,191.0741916,32617.86715,32886.09115,5911.961751,33.7237334,-111.4594442
930,190.9707294,32483.75515,32750.75995,5901.080391,33.72251387,-111.4608846
931,190.8673834,32349.33835,32615.42875,5890.199031,33.72129431,-111.4623283
932,190.7641533,32215.22635,32480.09755,5879.317671,33.72007474,-111.4637687
933,190.6610392,32081.11435,32344.76635,5868.466791,33.71885514,-111.465209
934,190.5580408,31947.00235,32209.73995,5857.615911,33.71763827,-111.4666492
935,190.4551579,31812.89035,32074.40875,5846.765031,33.71641863,-111.4680895
936,190.3523905,31679.08315,31939.68715,5835.914151,33.71520446,-111.4695264
937,190.2497383,31545.27595,31804.66075,5825.063271,33.71398753,-111.4709633
938,190.1472012,31411.46875,31669.63435,5814.212391,33.71277058,-111.4724002
939,190.0447791,31277.96635,31534.91275,5803.391991,33.71155635,-111.4738337
940,189.9424719,31144.15915,31400.19115,5792.541111,33.7103421,-111.4752705
941,189.8402793,31010.65675,31265.77435,5781.720711,33.70913058,-111.476704
942,189.7382013,30877.15435,31131.05275,5770.900311,33.70791629,-111.4781374
943,189.6362377,30743.95675,30996.63595,5760.079911,33.70670473,-111.4795676
944,189.5343883,30610.45435,30862.21915,5749.289991,33.70549314,-111.4810009
945,189.432653,30477.22627,30727.80235,5738.469591,33.70428154,-111.4824313
946,189.3310316,30344.05915,30593.38555,5727.679671,33.70306992,-111.483861
947,189.229524,30210.95299,30459.30403,5716.889751,33.70186129,-111.48529
948,189.1281301,30077.90779,30325.16155,5706.069351,33.7006521,-111.4867183
949,189.0268496,29944.92355,30191.11051,5695.309911,33.69944371,-111.488146
950,188.9256825,29812.03075,30057.12043,5684.519991,33.69823585,-111.4895726
951,188.8246286,29679.19891,29923.19131,5673.730071,33.69702852,-111.4909985
952,188.7236877,29546.45852,29789.35363,5662.970631,33.69582199,-111.4924234
953,188.6228597,29413.77908,29655.57691,5652.180711,33.69461599,-111.4938476
954,188.5221445,29281.1606,29521.89164,5641.421271,33.6934108,-111.4952712
955,188.421542,29148.63356,29388.23684,5630.661831,33.69220586,-111.4966937
956,188.3210518,29016.137,29254.67348,5619.902391,33.69100172,-111.4981158
957,188.2206741,28883.76236,29121.20156,5609.173431,33.68979839,-111.4995366
958,188.1204084,28751.4182,28987.7906,5598.413991,33.68859558,-111.5009571
959,188.0202548,28619.16548,28854.4406,5587.685032,33.68739331,-111.5023765
960,187.920213,28486.97372,28721.15156,5576.956072,33.68619157,-111.5037952
961,187.820283,28354.84292,28587.95396,5566.227112,33.68499063,-111.5052133
962,187.7204645,28222.80356,28454.81732,5555.498152,33.68379022,-111.5066303
963,187.6207575,28090.82516,28321.74164,5544.769192,33.68259034,-111.5080466
964,187.5211617,27958.90772,28188.7574,5534.040232,33.68139126,-111.5094623
965,187.4216771,27827.08172,28055.83412,5523.341752,33.68019271,-111.5108769
966,187.3223035,27695.31668,27923.00228,5512.643272,33.67899497,-111.5122909
967,187.2230408,27563.6126,27790.20092,5501.914312,33.67779748,-111.5137041
968,187.1238887,27431.96948,27657.491,5491.215832,33.6766008,-111.5151167
969,187.0248472,27300.4178,27524.87252,5480.547832,33.67540492,-111.5165282
970,186.9259162,27168.92708,27392.28452,5469.849352,33.6742093,-111.5179391
971,186.8270953,27037.5278,27259.78796,5459.150872,33.67301448,-111.5193489
972,186.7283846,26906.159,27127.35236,5448.482872,33.67182019,-111.5207584
973,186.6297838,26774.88164,26995.0082,5437.814872,33.6706267,-111.5221669
974,186.5312929,26643.66524,26862.725,5427.146872,33.66943375,-111.5235747
975,186.4329116,26512.54028,26730.50276,5416.478872,33.66824132,-111.5249814
976,186.3346399,26381.47628,26598.34148,5405.810872,33.66704943,-111.5263875
977,186.2364776,26250.47324,26466.27164,5395.142872,33.66585834,-111.5277929
978,186.1384246,26119.53116,26334.26276,5384.505352,33.66466778,-111.5291976
979,186.0404806,25988.65004,26202.31484,5373.867832,33.66360963,-111.5335115
980,185.9426457,25857.86036,26070.42788,5363.230312,33.66242722,-111.5349213
981,185.8449195,25727.13164,25938.63236,5352.592792,33.6612456,-111.5363305
982,185.747302,25596.46388,25806.8978,5341.955272,33.66006451,-111.537739
983,185.649793,25465.88756,25675.2242,5331.317752,33.65888395,-111.5391464
984,185.5523923,25335.3722,25543.64204,5320.710712,33.65770419,-111.5405532
985,185.4550999,25204.9178,25412.12084,5310.073192,33.65652495,-111.5419592
986,185.3579156,25074.52436,25280.6606,5299.466152,33.65534624,-111.5433646
987,185.2608393,24944.22236,25149.26132,5288.859112,33.65416805,-111.544769
988,185.1638708,24813.95084,25017.95348,5278.252072,33.65299067,-111.546173
989,185.0670099,24683.77076,24886.7066,5267.645032,33.65181381,-111.547576
990,184.9702566,24553.68212,24755.52068,5257.068472,33.65063748,-111.5489779
991,184.8736106,24423.62396,24624.4262,5246.461432,33.64946194,-111.5503795
992,184.7770719,24293.65724,24493.3622,5235.884872,33.64828666,-111.5517801
993,184.6806403,24163.75148,24362.38964,5225.308312,33.64711218,-111.55318
994,184.5843156,24033.90668,24231.47804,5214.731752,33.64593823,-111.5545792
995,184.4880977,23904.12284,24100.65788,5204.155192,33.64476507,-111.5559777
996,184.3919864,23774.43044,23969.8682,5193.578632,33.64359217,-111.5573752
997,184.2959817,23644.799,23839.16996,5183.032552,33.64242007,-111.558772
998,184.2000834,23515.22852,23708.53268,5172.455992,33.64124849,-111.5601681
999,184.1042913,23385.719,23577.95636,5161.909912,33.64007744,-111.5615636
1000,184.0086053,23256.30092,23447.47148,5151.363832,33.63890719,-111.562958
1001,183.9130253,23126.91332,23317.04756,5140.817752,33.63773747,-111.564352
1002,183.817551,22997.61717,23186.6846,5130.271672,33.63656827,-111.565745
1003,183.7221825,22868.38197,23056.3826,5119.756072,33.6353996,-111.5671374
1004,183.6269195,22739.20773,22926.17205,5109.209992,33.63423174,-111.568529
1005,183.5317619,22610.12493,22795.99197,5098.694392,33.63306412,-111.5699197
1006,183.4367095,22481.10309,22665.90333,5088.178792,33.6318973,-111.5713096
1007,183.3417622,22352.14221,22535.87565,5077.663192,33.63073101,-111.5726989
1008,183.2469199,22223.24229,22405.90893,5067.147592,33.62956525,-111.5740874
1009,183.1521824,22094.40333,22276.03365,5056.631992,33.62840029,-111.5754753
1010,183.0575496,21965.62533,22146.21933,5046.146872,33.62723586,-111.5768625
1011,182.9630214,21836.93877,22016.46597,5035.631272,33.62607195,-111.5782487
1012,182.8685976,21708.31317,21886.77357,5025.146152,33.62490857,-111.5796341
1013,182.774278,21579.74853,21757.14213,5014.661032,33.62374571,-111.5810189
1014,182.6800626,21451.24485,21627.57165,5004.175912,33.62258338,-111.582403
1015,182.5859512,21322.80213,21498.09261,4993.690792,33.62142186,-111.5837864
1016,182.4919436,21194.45085,21368.67453,4983.236152,33.62026086,-111.5851688
1017,182.3980397,21066.13005,21239.31741,4972.751032,33.61910039,-111.5865509
1018,182.3042394,20937.90069,21110.02125,4962.296392,33.61794044,-111.5879319
1019,182.2105425,20809.73229,20980.81653,4951.811272,33.6167813,-111.5893122
1020,182.1169489,20681.62485,20851.64229,4941.356632,33.6156224,-111.5906919
1021,182.0234585,20553.60885,20722.55949,4930.932473,33.61446431,-111.5920705
1022,181.930071,20425.62333,20593.53765,4920.477833,33.61330675,-111.5934487
1023,181.8367865,20297.72925,20464.57677,4910.023193,33.61214971,-111.594826
1024,181.7436047,20169.89613,20335.70733,4899.599033,33.61099348,-111.5962026
1025,181.6505256,20042.12397,20206.86837,4889.174873,33.6098375,-111.5975784
1026,181.5575489,19914.41277,20078.12085,4878.720233,33.60868232,-111.5989536
1027,181.4646745,19786.76253,19949.43429,4868.296073,33.60752766,-111.6003281
1028,181.3719023,19659.17325,19820.80869,4857.902393,33.60637354,-111.6017019
1029,181.2792322,19531.67541,19692.24405,4847.478233,33.60521994,-111.6030747
1030,181.1866639,19404.20805,19563.74037,4837.054073,33.60406687,-111.6044471
1031,181.0941975,19276.83213,19435.29765,4826.660393,33.60291433,-111.6058185
1032,181.0018327,19149.51717,19306.94637,4816.266713,33.60176259,-111.6071893
1033,180.9095694,19022.26317,19178.65605,4805.873033,33.60061137,-111.6085593
1034,180.8174074,18895.07013,19050.42669,4795.479353,33.59946069,-111.6099286
1035,180.7253468,18767.96853,18922.25829,4785.085673,33.59831053,-111.611297
1036,180.6333872,18640.89741,18794.15085,4774.691993,33.5971609,-111.612665
1037,180.5415286,18513.91773,18666.10437,4764.328793,33.59601179,-111.6140319
1038,180.4497708,18386.96853,18538.14933,4753.965593,33.59486349,-111.6153985
1039,180.3581137,18260.11077,18410.22477,4743.571913,33.59371544,-111.6167641
1040,180.2665571,18133.31397,18282.39165,4733.208713,33.5925682,-111.618129
1041,180.175101,18006.57813,18154.61949,4722.875993,33.59142148,-111.6194932
1042,180.0837451,17879.90325,18026.90829,4712.512793,33.59027529,-111.6208567
1043,179.9924894,17753.28933,17899.25805,4702.149593,33.58912962,-111.6222195
1044,179.9013337,17626.76685,17771.66877,4691.816873,33.58798449,-111.6235814
1045,179.8102779,17500.27485,17644.14045,4681.484153,33.58683988,-111.6249428
1046,179.7193218,17373.87429,17516.70357,4671.120953,33.58569608,-111.6263033
1047,179.6284654,17247.50421,17389.29717,4660.788233,33.58455252,-111.6276633
1048,179.5377084,17121.22557,17261.98221,4650.485993,33.58340977,-111.6290224
1049,179.4470508,16995.00789,17134.72821,4640.153273,33.58226755,-111.6303808
1050,179.3564924,16868.85117,17007.53517,4629.820553,33.58112586,-111.6317385
1051,179.2660331,16742.75541,16880.40309,4619.518313,33.5799847,-111.6330955
1052,179.1756727,16616.72061,16753.33197,4609.216073,33.57884406,-111.6344518
1053,179.0854111,16490.74677,16626.32181,4598.913833,33.57770395,-111.6358074
1054,178.9952482,16364.86438,16499.37261,4588.611593,33.57656437,-111.6371621
1055,178.9051838,16239.01246,16372.51486,4578.309353,33.57542559,-111.6385163
1056,178.8152178,16113.2215,16245.68758,4568.007113,33.57428707,-111.6398699
1057,178.7253501,15987.52198,16118.95174,4557.735353,33.57314935,-111.6412224
1058,178.6355806,15861.88342,15992.27686,4547.463593,33.57201215,-111.6425743
1059,178.5459091,15736.27534,15865.63246,4537.161353,33.57087522,-111.6439258
1060,178.4563354,15610.7587,15739.0795,4526.889593,33.56973908,-111.6452763
1061,178.3668595,15485.30302,15612.5875,4516.648313,33.56860347,-111.6466261
1062,178.2774812,15359.9083,15486.15646,4506.376553,33.56746839,-111.6479752
1063,178.1882004,15234.57454,15359.78638,4496.104793,33.56633384,-111.6493237
1064,178.099017,15109.27126,15233.50774,4485.863513,33.56520009,-111.6506717
1065,178.0112434,14984.0899,15107.25958,4475.591753,33.5640666,-111.6520185
1066,177.9302198,14858.93902,14981.07238,4465.380953,33.56293363,-111.6533649
1067,177.857366,14733.81862,14854.94614,4455.200633,33.5618012,-111.6547109
1068,177.7922453,14608.78966,14728.88086,4445.111753,33.56066929,-111.6560559
1069,177.7336346,14483.79118,14602.84606,4435.175273,33.55953763,-111.6574005
1070,177.6776299,14358.7927,14476.84174,4425.513113,33.55840622,-111.6587452
1071,177.6124816,14233.85518,14350.8679,4416.277673,33.55727505,-111.6600891
1072,177.5315087,14108.91766,14224.89406,4407.651833,33.55614386,-111.6614331
1073,177.4312964,13984.0411,14098.98118,4399.666073,33.55501319,-111.6627763
1074,177.3105189,13859.19502,13973.12926,4392.350873,33.55388303,-111.6641192
1075,177.1691487,13734.4099,13847.30782,4385.675753,33.55275311,-111.6654615
1076,177.0079188,13609.71622,13721.6083,4379.579753,33.55162426,-111.6668027
1077,176.8279605,13485.14446,13596.00022,4374.062873,33.5504962,-111.6681426
1078,176.6305663,13360.66414,13470.48358,4369.033673,33.54936894,-111.6694815
1079,176.4170403,13236.30574,13345.11934,4364.492153,33.54824302,-111.6708191
1080,176.1886121,13112.13022,13219.9075,4360.346873,33.54711845,-111.6721547
1081,175.9463919,12988.07662,13094.84806,4356.597833,33.54599522,-111.673489
1082,175.6913531,12864.2059,12969.94102,4353.153593,33.54487334,-111.6748212
1083,175.4243324,12740.48758,12845.21686,4350.014153,33.54375308,-111.6761518
1084,175.1460395,12616.98262,12720.70606,4347.149033,33.54263472,-111.6774801
1085,174.8586109,12493.66054,12596.34766,4344.497273,33.54151771,-111.6788063
1086,174.5655567,12370.52134,12472.2331,4341.967433,33.54040287,-111.6801306
1087,174.2688494,12247.5955,12348.30142,4339.529033,33.53928965,-111.6814526
1088,173.9696076,12124.88302,12224.5831,4337.151593,33.53817834,-111.6827722
1089,173.6684737,12002.3839,12101.07814,4334.804633,33.53706892,-111.6840895
1090,173.3658243,11880.09814,11977.78654,4332.457673,33.53596141,-111.6854045
1091,173.0618868,11758.02574,11854.7083,4330.141193,33.5348558,-111.6867171
1092,172.7568038,11636.1667,11731.84342,4327.824713,33.53375209,-111.6880274
1093,172.4506696,11514.52102,11609.1919,4325.538713,33.53265028,-111.6893354
1094,172.1435509,11393.0887,11486.75374,4323.222233,33.53155037,-111.6906411
1095,171.8354978,11271.86974,11364.55942,4320.936233,33.53045264,-111.6919444
1096,171.5265508,11150.89462,11242.54798,4318.619753,33.52935654,-111.6932451
1097,171.2167442,11030.10238,11120.78038,4316.333753,33.52826261,-111.6945438
1098,170.9061085,10909.55398,10999.22614,4314.017273,33.52717059,-111.6958399
1099,170.5946711,10789.21894,10877.91574,4311.700793,33.52608074,-111.6971336
1100,170.2824577,10669.09726,10756.78822,4309.414793,33.52499252,-111.698425
1101,169.9694927,10549.18894,10635.90454,4307.098313,33.52390647,-111.699714
1102,169.655799,10429.49398,10515.23422,4304.781833,33.52282233,-111.7010007
1103,169.3413986,10310.04286,10394.77726,4302.495833,33.52174009,-111.7022848
1104,169.0263125,10190.8051,10274.56414,4300.179353,33.52066003,-111.7035666
1105,168.710561,10071.7807,10154.56438,4297.862873,33.51958187,-111.704846
1106,168.3941636,9952.969665,10034.80846,4295.546393,33.51850589,-111.7061231
1107,168.0771389,9834.402465,9915.265905,4293.229913,33.51743181,-111.7073976
1108,167.7595051,9716.048625,9795.936705,4290.913433,33.51635963,-111.7086697
1109,167.4412793,9597.938625,9676.820865,4288.596953,33.51528935,-111.7099392
1110,167.1224785,9480.041986,9557.948865,4286.280473,33.51422126,-111.7112064
1111,166.8031185,9362.358706,9439.320706,4283.963993,33.51315534,-111.7124712
1112,166.4832149,9244.888786,9320.905906,4281.647513,33.51209132,-111.7137337
1113,166.1627825,9127.662706,9202.704466,4279.331033,33.5110292,-111.7149936
1114,165.8418355,9010.680466,9084.746866,4277.014553,33.50996927,-111.7162508
1115,165.5203877,8893.881106,8967.002626,4274.698074,33.50891124,-111.717506
1116,165.198452,8777.356067,8849.502227,4272.381594,33.50785538,-111.7187583
1117,164.8760411,8661.013907,8732.215187,4270.065114,33.50680143,-111.7200085
1118,164.5531669,8544.915587,8615.171987,4267.748634,33.50574965,-111.7212561
1119,164.229841,8429.061107,8498.342147,4265.462634,33.50469978,-111.7225011
1120,163.9060742,8313.419987,8381.756147,4263.146154,33.50365209,-111.7237437
1121,163.581877,8198.022708,8265.413987,4260.829674,33.50260657,-111.7249837
1122,163.2572593,8082.838788,8149.285188,4258.513194,33.50156296,-111.7262213
1123,162.9322305,7967.868228,8033.369748,4256.227194,33.50052125,-111.7274566
1124,162.6067995,7853.141508,7917.698148,4253.910714,33.49948173,-111.7286893
1125,162.2809748,7738.658628,7802.270388,4251.594234,33.49844438,-111.7299194
1126,161.9547644,7624.389108,7687.055988,4249.308234,33.49740893,-111.7311471
1127,161.6281758,7510.332949,7572.085428,4246.991754,33.49637566,-111.7323725
1128,161.3012159,7396.520629,7457.328229,4244.705754,33.4953443,-111.7335952
1129,160.9738915,7282.952149,7342.814869,4242.419754,33.49431511,-111.7348153
1130,160.6462086,7169.597029,7228.545349,4240.103274,33.4932881,-111.7360331
1131,160.318173,7056.485749,7114.489189,4237.817274,33.492263,-111.7372482
1132,159.9897899,6943.618309,7000.676869,4235.531274,33.49124008,-111.7384607
1133,159.6610642,6830.96423,6887.10839,4233.245274,33.49021933,-111.7396709
1134,159.3320002,6718.52351,6773.75327,4230.959274,33.48920049,-111.7408787
1135,159.0026021,6606.32663,6660.64199,4228.673274,33.48818383,-111.7420839
1136,158.6728734,6494.37359,6547.77455,4226.387274,33.48716935,-111.7432865
1137,158.3428173,6382.66439,6435.12047,4224.101274,33.48615678,-111.7444864
1138,158.0124365,6271.16855,6322.71023,4221.815274,33.48514638,-111.745684
1139,157.6817336,6159.886071,6210.543831,4219.559754,33.48413816,-111.7468793
1140,157.3507104,6048.877911,6098.590791,4217.273754,33.48313185,-111.7480716
1141,157.0193686,5938.083111,5986.881591,4215.018234,33.48212771,-111.7492615
1142,156.6877094,5827.501671,5875.416231,4212.732234,33.48112576,-111.7504492
1143,156.3557336,5717.164071,5764.164231,4210.476714,33.48012571,-111.7516342
1144,156.0234418,5607.070311,5653.186551,4208.221194,33.47912812,-111.7528166
1145,155.6908339,5497.220392,5542.422232,4205.965674,33.47813243,-111.7539963
1146,155.3579097,5387.583832,5431.871272,4203.710154,33.47713865,-111.7551737
1147,155.0246685,5278.191112,5321.594632,4201.454634,33.47614732,-111.7563485
1148,154.6911094,5169.042232,5211.531352,4199.199114,33.4751579,-111.7575206
1149,154.3572308,5060.106712,5101.711912,4196.943594,33.47417065,-111.7586904
1150,154.0230311,4951.445512,4992.136312,4194.688074,33.47318559,-111.7598572
1151,153.688508,4842.967193,4882.804553,4192.463034,33.47220271,-111.7610221
1152,153.3536592,4734.763193,4773.686153,4190.207514,33.47122173,-111.7621839
1153,153.0184817,4626.772553,4664.811593,4187.982474,33.47024294,-111.7633435
1154,152.6829724,4519.025753,4556.180873,4185.757434,33.46926632,-111.7645004
1155,152.3471275,4411.522793,4447.793993,4183.501914,33.46829189,-111.7656547
1156,152.0109433,4304.263673,4339.650953,4181.276874,33.46731963,-111.7668063
1157,151.6744154,4197.217914,4231.721274,4179.051834,33.46634929,-111.7679556
1158,151.3375391,4090.415994,4124.035434,4176.826794,33.46538112,-111.7691023
1159,151.0003094,3983.857914,4016.623914,4174.601754,33.46441541,-111.7702463
1160,150.6627209,3877.543674,3909.425754,4172.407194,33.4634516,-111.7713877
1161,150.3247678,3771.442794,3802.440954,4170.182154,33.4624897,-111.7725267
1162,149.986444,3665.616234,3695.730474,4167.957114,33.46153026,-111.7736628
1163,149.647743,3560.003035,3589.263835,4165.762554,33.460573,-111.7747966
1164,149.3086579,3454.633675,3483.010555,4163.537514,33.45961765,-111.7759278
1165,148.9691814,3349.477675,3377.031595,4161.342954,33.45866475,-111.7770566
1166,148.629306,3244.595995,3271.265995,4159.148394,33.45771376,-111.7781825
1167,148.2890237,3139.927675,3165.744235,4156.923354,33.45676495,-111.779306
1168,147.9483316,3035.527579,3060.496795,4154.728794,33.45581859,-111.7804266
1169,147.6072326,2931.353036,2955.450524,4152.534234,33.45487403,-111.7815448
1170,147.2657318,2827.419284,2850.660284,4150.339674,33.45393177,-111.7826604
1171,146.9238356,2723.723276,2746.113884,4148.145114,33.45299169,-111.7837734
1172,146.5815507,2620.271108,2641.811324,4145.981034,33.45205378,-111.7848838
1173,146.2388833,2517.059732,2537.749556,4143.786474,33.45111804,-111.7859916
1174,145.8958393,2414.089148,2433.934676,4141.591914,33.4501845,-111.7870967
1175,145.5524239,2311.359356,2330.360588,4139.427834,33.44925312,-111.7881993
1176,145.2086417,2208.870357,2227.030341,4137.233274,33.44832392,-111.7892992
1177,144.8644966,2106.625197,2123.943933,4135.069194,33.4473969,-111.7903965
1178,144.5199917,2004.623877,2021.101365,4132.905114,33.44647206,-111.7914912
1179,144.1751295,1902.863349,1918.505685,4130.741034,33.44554943,-111.7925833
1180,143.8299119,1801.343613,1816.153845,4128.576954,33.44462899,-111.7936727
1181,143.4843399,1700.070765,1714.045845,4126.412874,33.44371073,-111.7947595
1182,143.1384139,1599.03871,1612.184734,4124.248794,33.44279468,-111.7958437
1183,142.7921337,1498.250494,1510.567462,4122.084714,33.44188081,-111.7969252
1184,142.4454982,1397.709166,1409.197078,4119.920634,33.44096915,-111.7980041
1185,142.0985059,1297.40863,1308.073582,4117.787034,33.4400597,-111.7990803
1186,141.7511544,1197.351934,1207.196974,4115.622954,33.43915246,-111.8001539
1187,141.4034408,1097.542126,1106.564206,4113.489354,33.43824741,-111.8012249
1188,141.0553614,997.9761585,1006.181374,4111.325274,33.43734459,-111.8022932
1189,140.7069119,898.6570786,906.0423826,4109.191674,33.43644396,-111.8033588
1190,140.3580872,799.5818388,806.1533268,4107.058074,33.43554556,-111.8044219
1191,140.0088818,700.7504389,706.5111589,4104.924474,33.43464938,-111.8054822
1192,139.6592892,602.1659271,607.1189271,4102.790874,33.43375543,-111.8065399
1193,139.3093024,503.8313512,507.9705352,4100.687754,33.43286366,-111.8075949
1194,138.9589137,405.7375674,409.0751274,4098.554154,33.43197417,-111.8086473
1195,138.6081146,307.8937195,310.4266075,4096.420554,33.43108688,-111.809697
1196,138.2568961,210.2970645,212.0258901,4094.317434,33.43020181,-111.810744
1197,137.9052483,112.9472974,113.8757182,4092.183834,33.42931899,-111.8117884
1198,137.5531606,15.84478414,15.97505566,4090.080714,33.4284384,-111.81283
1199,137.200622,-81.00974388,-81.67542708,4087.977594,33.42756005,-111.813869
